"datetime","Behaviour_ind","Behaviour","AccX","AccY","AccZ","Depth","DBA","Latitude","Longitude"
"2019-04-19 03:20:00",1,"Gliding",0,0,0,1.8671561516,0,5.7478,-53.9448
"2019-04-19 03:20:00",1,"Gliding",0,0,0,1.4563817983,0,6.0137,-53.9345
"2019-04-19 03:20:00",1,"Gliding",0,0,0,1.3723597714,0,6.0366,-53.9225
"2019-04-19 03:20:00",1,"Gliding",0,0,0,3.2021728001,0,6.0365,-53.9184
"2019-04-19 03:20:00",1,"Gliding",0,0,0,2.3712883126,0,6.0313,-53.9332
"2019-04-19 03:20:00",3,"Swiming",0,0,0,6.4883676271,0,6.045,-53.923
"2019-04-19 03:20:00",3,"Swiming",0,0,0,6.5537180924,0,6.0316,-53.9397
"2019-04-19 03:20:00",3,"Swiming",0,0,0,6.6097327769,0,6.0424,-53.9427
"2019-04-19 03:20:00",3,"Swiming",0,0,0,4.9572995827,0,6.0535,-53.9415
"2019-04-19 03:20:00",3,"Swiming",0,0,0,4.9199564597,0,6.0622,-53.9615
"2019-04-19 03:20:00",3,"Swiming",0,0,0,4.9012848981,0,6.06,-53.9367
"2019-04-19 03:20:00",3,"Swiming",0,0,0,4.6865619407,0,6.0486,-53.9467
"2019-04-19 03:20:00",3,"Swiming",0,0,0,4.5558610101,0,6.0549,-53.8589
"2019-04-19 03:20:00",3,"Swiming",0,0,0,4.4905105448,0,6.0583,-53.8565
"2019-04-19 03:20:00",3,"Swiming",0,0,0,4.7052335022,0,6.0484,-53.8573
"2019-04-19 03:20:00",3,"Swiming",0,0,0,4.5932041331,0,6.0406,-53.8452
"2019-04-19 03:20:00",4,"Resting",0,0,0,2.4179672164,0,6.0418,-53.8426
"2019-04-19 03:20:00",4,"Resting",0,0,0,5.3960812783,0,6.0412,-53.8293
"2019-04-19 03:20:00",4,"Resting",0,0,0,5.4147528399,0,6.044,-53.8234
"2019-04-19 03:20:00",4,"Resting",0,0,0,5.6294757973,0,6.0475,-53.8273
"2019-04-19 03:20:00",4,"Resting",0,0,0,5.9655639046,0,6.0502,-53.8113
"2019-04-19 03:20:00",4,"Resting",0,0,0,2.8660846928,0,6.048,-53.8261
"2019-04-19 03:20:00",3,"Swiming",0,0,0,2.6980406391,0,5.9849,-53.7282
"2019-04-19 03:20:00",3,"Swiming",0,0,0,1.5964185096,0,5.987,-53.662
"2019-04-19 03:20:00",3,"Swiming",0,0,0,6.4603602848,0,5.9883,-53.6643
"2019-04-19 03:20:00",3,"Swiming",0,0,0,1.2883377446,0,5.9907,-53.652
"2019-04-19 03:20:00",3,"Swiming",0,0,0,1.0082643219,0,6.0104,-53.6583
"2019-04-19 03:20:00",3,"Swiming",0,0,0,10.0453000961,0,6.0103,-53.6584
"2019-04-19 03:20:00",3,"Swiming",0,0,0,10.1293221229,0,6.0111,-53.6508
"2019-04-19 03:20:00",3,"Swiming",0,0,0,10.0266285345,0,6.018,-53.6612
"2019-04-19 03:20:00",1,"Gliding",0,0,0,10.4840817917,0,6.0247,-53.6554
"2019-04-19 03:20:00",1,"Gliding",0,0,0,10.7641552145,0,6.0796,-54.0101
"2019-04-19 03:20:00",1,"Gliding",0,0,0,1.0922863487,0,6.0595,-54.0237
"2019-04-19 03:20:00",1,"Gliding",0,0,0,2.1845726974,0,6.0594,-54.025
"2019-04-19 03:20:00",1,"Gliding",0,0,0,1.932506617,0,6.0469,-54.0297
"2019-04-19 03:20:00",1,"Gliding",0,0,0,5.3774097168,0,6.0309,-54.0452
"2019-04-19 03:20:00",1,"Gliding",0,0,0,1.5030607021,0,6.0252,-54.0528
"2019-04-19 03:20:00",1,"Gliding",0,0,0,1.7551267825,0,6.0236,-54.0525
"2019-04-19 03:20:00",4,"Resting",0,0,0,1.96984974,0,6.0258,-54.0766
"2019-04-19 03:20:00",4,"Resting",0,0,0,1.932506617,0,6.0272,-54.1001
"2019-04-19 03:20:00",4,"Resting",0,0,0,1.6897763172,0,6.0177,-54.0926
"2019-04-19 03:20:00",4,"Resting",0,0,0,5.1533509786,0,6.0334,-54.0785
"2019-04-19 03:20:00",4,"Resting",0,0,0,5.2000298824,0,5.9615,-54.2312
"2019-04-19 03:20:00",4,"Resting",0,0,0,1.5590753866,0,5.9445,-54.2212
"2019-04-19 03:20:00",4,"Resting",0,0,0,1.7177836595,0,5.9435,-54.1971
"2019-04-19 03:20:00",4,"Resting",0,0,0,1.5497396059,0,5.9335,-54.1974
"2019-04-19 03:20:00",4,"Resting",0,0,0,1.2696661831,0,5.9362,-54.1856
"2019-04-19 03:20:00",2,"Breathing",0,0,0,1.7831341248,0,5.9319,-54.1835
"2019-04-19 03:20:00",2,"Breathing",0,0,0,1.3816955522,0,5.9319,-54.1834
"2019-04-19 03:20:00",2,"Breathing",0,0,0,4.3971527372,0,5.9285,-54.184
"2019-04-19 03:20:00",2,"Breathing",0,0,0,4.6212114754,0,5.9168,-54.1697
"2019-04-19 03:20:00",2,"Breathing",0,0,0,4.6865619407,0,5.9154,-54.1689
"2019-04-19 03:20:00",2,"Breathing",0,0,0,4.9946427057,0,5.9119,-54.1705
"2019-04-19 03:20:00",2,"Breathing",0,0,0,5.1813583209,0,5.9112,-54.1749
"2019-04-19 03:20:00",4,"Resting",0,0,0,5.3120592515,0,5.9032,-54.164
"2019-04-19 03:20:00",4,"Resting",0,0,0,5.3494023746,0,5.8556,-53.8518
"2019-04-19 03:20:00",4,"Resting",0,0,0,5.4240886206,0,5.8882,-53.8673
"2019-04-19 03:20:00",4,"Resting",0,0,0,5.3867454976,0,5.89,-53.8689
"2019-04-19 03:20:00",4,"Resting",0,0,0,5.4054170591,0,5.8885,-53.8811
"2019-04-19 03:20:00",4,"Resting",0,0,0,5.3400665938,0,5.8885,-53.881
"2019-04-19 03:20:00",4,"Resting",0,0,0,4.985306925,0,5.8879,-53.8696
"2019-04-19 03:20:00",4,"Resting",0,0,0,4.8919491174,0,5.8811,-53.8739
"2019-04-19 03:20:00",4,"Resting",0,0,0,4.8265986521,0,5.8836,-53.869
"2019-04-19 03:20:00",4,"Resting",0,0,0,0.5694826262,0,5.8906,-53.8803
"2019-04-19 03:20:00",4,"Resting",0,0,0,5.0506573903,0,5.8891,-53.8727
"2019-04-19 03:20:00",4,"Resting",0,0,0,4.8359344328,0,5.8191,-53.8816
"2019-04-19 03:20:00",4,"Resting",0,0,0,3.9863783838,0,5.8389,-53.8873
"2019-04-19 03:20:00",4,"Resting",0,0,0,4.3691453949,0,5.853,-53.893
"2019-04-19 03:20:00",4,"Resting",0,0,0,1.391031333,0,5.8685,-53.8754
"2019-04-19 03:20:00",4,"Resting",0,0,0,2.6420259546,0,5.8731,-53.8782
"2019-04-19 03:20:00",4,"Resting",0,0,0,1.8391488094,0,5.8875,-53.8751
"2019-04-19 03:20:00",4,"Resting",0,0,0,2.5580039278,0,5.8847,-53.8724
"2019-04-19 03:20:00",2,"Breathing",0,0,0,2.8100700082,0,5.9047,-53.8848
"2019-04-19 03:20:00",2,"Breathing",0,0,0,6.7310979268,0,5.8968,-53.8834
"2019-04-19 03:20:00",2,"Breathing",0,0,0,7.3192521146,0,5.9061,-53.8847
"2019-04-19 03:20:00",2,"Breathing",0,0,0,8.0847861368,0,5.8921,-53.8841
"2019-04-19 03:20:00",2,"Breathing",0,0,0,7.9167420831,0,5.7678,-53.9282
"2019-04-19 03:20:00",2,"Breathing",0,0,0,7.8327200563,0,5.7689,-53.9289
"2019-04-19 03:20:00",2,"Breathing",0,0,0,7.6740117834,0,5.8083,-53.8974
"2019-04-19 03:20:00",2,"Breathing",0,0,0,7.5433108528,0,5.8131,-53.9029
"2019-04-19 03:20:00",2,"Breathing",0,0,0,7.5993255373,0,5.82,-53.8877
"2019-04-19 03:20:00",2,"Breathing",0,0,0,7.0765218149,0,5.8464,-53.8901
"2019-04-19 03:20:00",2,"Breathing",0,0,0,6.9644924458,0,5.8567,-53.8856
"2019-04-19 03:20:00",2,"Breathing",0,0,0,6.8524630767,0,5.8585,-53.8868
"2019-04-19 03:20:00",2,"Breathing",0,0,0,6.7964483921,0,5.8621,-53.8867
"2019-04-19 03:20:00",2,"Breathing",0,0,0,6.992499788,0,5.8683,-53.8852
"2019-04-19 03:20:00",2,"Breathing",0,0,0,7.0485144726,0,5.8747,-53.8838
"2019-04-19 03:20:00",2,"Breathing",0,0,0,7.1792154032,0,5.8764,-53.8887
"2019-04-19 03:20:00",2,"Breathing",0,0,0,7.3472594569,0,5.8704,-53.8958
"2019-04-19 03:20:00",2,"Breathing",0,0,0,7.5059677298,0,5.8753,-53.8831
"2019-04-19 03:20:00",2,"Breathing",0,0,0,7.6740117834,0,5.786,-53.8964
"2019-04-19 03:20:00",2,"Breathing",0,0,0,7.8420558371,0,5.8281,-53.873
"2019-04-19 03:20:00",2,"Breathing",0,0,0,0.5881541877,0,5.8569,-53.851
"2019-04-19 03:20:00",2,"Breathing",0,0,0,8.1501366021,0,5.8599,-53.8757
"2019-04-19 03:20:00",2,"Breathing",0,0,0,8.3181806557,0,5.8679,-53.8817
"2019-04-19 03:20:00",2,"Breathing",0,0,0,8.5048962709,0,5.8912,-53.863
"2019-04-19 03:20:00",2,"Breathing",0,0,0,8.1127934791,0,5.8993,-53.8652
"2019-04-19 03:20:00",2,"Breathing",0,0,0,8.3275164365,0,5.9012,-53.8621
"2019-04-19 03:20:00",2,"Breathing",0,0,0,8.4395458056,0,5.9013,-53.8634
"2019-04-19 03:20:00",2,"Breathing",0,0,0,8.579582517,0,6.0557,-53.944
"2019-04-19 03:20:00",2,"Breathing",0,0,0,7.9260778639,0,6.059,-53.9649
"2019-04-19 03:20:00",2,"Breathing",0,0,0,8.5142320517,0,6.0717,-53.9648
"2019-04-19 03:20:00",3,"Swiming",0,0,0,8.5515751747,0,6.0782,-53.9694
"2019-04-19 03:20:00",3,"Swiming",0,0,0,8.5982540785,0,6.0747,-53.969
"2019-04-19 03:20:00",3,"Swiming",0,0,0,8.6262614208,0,6.0795,-53.9722
"2019-04-19 03:20:00",3,"Swiming",0,0,0,8.4955604902,0,6.0694,-53.9728
"2019-04-19 03:20:00",3,"Swiming",0,0,0,8.5142320517,0,6.0638,-53.9673
"2019-04-19 03:20:00",3,"Swiming",0,0,0,8.4582173671,0,6.066,-53.9699
"2019-04-19 03:20:00",3,"Swiming",0,0,0,8.4768889286,0,6.0643,-54.0011
"2019-04-19 03:20:00",3,"Swiming",0,0,0,8.5889182977,0,6.0501,-53.9882
"2019-04-19 03:20:00",2,"Breathing",0,0,0,8.3928669018,0,6.0624,-53.9888
"2019-04-19 03:20:00",2,"Breathing",0,0,0,8.2621659712,0,6.055,-53.9716
"2019-04-19 03:20:00",2,"Breathing",0,0,0,7.9074063024,0,6.0627,-53.976
"2019-04-19 03:20:00",2,"Breathing",0,0,0,8.0474430137,0,6.0763,-53.9613
"2019-04-19 03:20:00",2,"Breathing",0,0,0,7.9447494254,0,6.079,-53.9525
"2019-04-19 03:20:00",2,"Breathing",0,0,0,7.8140484948,0,6.085,-53.9478
"2019-04-19 03:20:00",2,"Breathing",0,0,0,3.1648296771,0,6.0966,-53.9423
"2019-04-19 03:20:00",2,"Breathing",0,0,0,8.0194356715,0,6.094,-53.9435
"2019-04-19 03:20:00",2,"Breathing",0,0,0,7.6273328796,0,6.0944,-53.9429
"2019-04-19 03:20:00",2,"Breathing",0,0,0,2.7540553237,0,6.1042,-53.9384
"2019-04-19 03:20:00",5,"Feeding",0,0,0,2.511325024,0,6.0999,-53.9314
"2019-04-19 03:20:00",5,"Feeding",0,0,0,1.7737983441,0,6.102,-53.9343
"2019-04-19 03:20:00",5,"Feeding",0,0,0,2.2125800397,0,6.0648,-53.9243
"2019-04-19 03:20:00",5,"Feeding",0,0,0,1.5310680443,0,6.039,-53.9045
"2019-04-19 03:20:00",5,"Feeding",0,0,0,1.8391488094,0,6.0486,-53.8945
"2019-04-19 03:20:00",5,"Feeding",0,0,0,2.1752369167,0,6.0579,-53.8842
"2019-04-19 03:20:00",5,"Feeding",0,0,0,1.9605139592,0,6.051,-53.9041
"2019-04-19 03:20:00",5,"Feeding",0,0,0,1.8671561516,0,6.0676,-53.8985
"2019-04-19 03:20:00",1,"Gliding",0,0,0,2.1845726974,0,6.0758,-53.8825
"2019-04-19 03:20:00",1,"Gliding",0,0,0,2.2219158205,0,6.0625,-53.884
"2019-04-19 03:20:00",1,"Gliding",0,0,0,1.9044992747,0,6.0788,-53.8496
"2019-04-19 03:20:00",1,"Gliding",0,0,0,2.9501067196,0,6.0804,-53.8578
"2019-04-19 03:20:00",1,"Gliding",0,0,0,2.1659011359,0,6.0859,-53.8369
"2019-04-19 03:20:00",1,"Gliding",0,0,0,2.4833176817,0,6.0133,-53.838
"2019-04-19 03:20:00",1,"Gliding",0,0,0,2.2032442589,0,6.0117,-53.8014
"2019-04-19 03:20:00",3,"Swiming",0,0,0,0.7375266799,0,6.0059,-53.8003
"2019-04-19 03:20:00",3,"Swiming",0,0,0,1.8764919324,0,6.0064,-53.7992
"2019-04-19 03:20:00",3,"Swiming",0,0,0,3.2021728001,0,6.0048,-53.7702
"2019-04-19 03:20:00",3,"Swiming",0,0,0,2.1565653552,0,6.0141,-53.7844
"2019-04-19 03:20:00",3,"Swiming",0,0,0,1.6337616327,0,6.035,-53.769
"2019-04-19 03:20:00",3,"Swiming",0,0,0,3.9583710415,0,6.0493,-53.7619
"2019-04-19 03:20:00",3,"Swiming",0,0,0,3.2395159231,0,6.0502,-53.7641
"2019-04-19 03:20:00",3,"Swiming",0,0,0,2.4459745587,0,6.062,-53.7659
"2019-04-19 03:20:00",3,"Swiming",0,0,0,2.3712883126,0,6.0742,-53.7493
"2019-04-19 03:20:00",3,"Swiming",0,0,0,2.3992956549,0,6.0385,-53.7788
"2019-04-19 03:20:00",3,"Swiming",0,0,0,1.9978570823,0,6.1287,-54.0796
"2019-04-19 03:20:00",3,"Swiming",0,0,0,1.9231708362,0,6.1645,-54.1491
"2019-04-19 03:20:00",3,"Swiming",0,0,0,2.0632075476,0,6.1612,-54.1479
"2019-04-19 03:20:00",2,"Breathing",0,0,0,1.8764919324,0,6.1554,-54.1722
"2019-04-19 03:20:00",2,"Breathing",0,0,0,2.0258644245,0,6.2031,-54.1774
"2019-04-19 03:20:00",2,"Breathing",0,0,0,2.8100700082,0,6.2014,-54.178
"2019-04-19 03:20:00",2,"Breathing",0,0,0,2.7353837622,0,6.2086,-54.1672
"2019-04-19 03:20:00",2,"Breathing",0,0,0,2.5580039278,0,6.2121,-54.1661
"2019-04-19 03:20:00",2,"Breathing",0,0,0,2.7633911045,0,6.2279,-54.1652
"2019-04-19 03:20:00",2,"Breathing",0,0,0,2.7353837622,0,6.221,-54.1735
"2019-04-19 03:20:00",2,"Breathing",0,0,0,2.4646461202,0,6.0327,-54.2477
"2019-04-19 03:20:00",2,"Breathing",0,0,0,1.736455221,0,6.0424,-54.2835
"2019-04-19 03:20:00",1,"Gliding",0,0,0,2.4926534625,0,6.0213,-54.2886
"2019-04-19 03:20:00",1,"Gliding",0,0,0,0.7468624606,0,6.0223,-54.2856
"2019-04-19 03:20:00",1,"Gliding",0,0,0,2.3059378473,0,6.0215,-54.2889
"2019-04-19 03:20:00",1,"Gliding",0,0,0,1.9418423977,0,5.9995,-54.3055
"2019-04-19 03:20:00",1,"Gliding",0,0,0,2.2219158205,0,6.021,-54.2736
"2019-04-19 03:20:00",1,"Gliding",0,0,0,2.0632075476,0,6.0153,-54.28
"2019-04-19 03:20:00",5,"Feeding",0,0,0,2.1845726974,0,6.0243,-54.2637
"2019-04-19 03:20:00",5,"Feeding",0,0,0,2.1565653552,0,6.0258,-54.2611
"2019-04-19 03:20:00",5,"Feeding",0,0,0,2.0912148898,0,6.0205,-54.2486
"2019-04-19 03:20:00",5,"Feeding",0,0,0,2.1845726974,0,5.8764,-54.0498
"2019-04-19 03:20:00",5,"Feeding",0,0,0,0.7935413644,0,5.8829,-54.03
"2019-04-19 03:20:00",5,"Feeding",0,0,0,1.7551267825,0,5.8803,-54.0229
"2019-04-19 03:20:00",5,"Feeding",0,0,0,1.9138350554,0,5.8788,-54.0167
"2019-04-19 03:20:00",5,"Feeding",0,0,0,3.3515452922,0,5.89,-53.9859
"2019-04-19 03:20:00",5,"Feeding",0,0,0,3.1648296771,0,5.9033,-53.9688
"2019-04-19 03:20:00",3,"Swiming",0,0,0,0.9055707335,0,5.9071,-53.9714
"2019-04-19 03:20:00",3,"Swiming",0,0,0,2.1565653552,0,5.9007,-53.8926
"2019-04-19 03:20:00",3,"Swiming",0,0,0,1.661768975,0,5.9221,-53.9135
"2019-04-19 03:20:00",3,"Swiming",0,0,0,1.7551267825,0,5.9226,-53.9136
"2019-04-19 03:20:00",3,"Swiming",0,0,0,1.9978570823,0,5.8167,-53.9409
"2019-04-19 03:20:00",3,"Swiming",0,0,0,1.5310680443,0,5.7724,-53.8855
"2019-04-19 03:20:00",3,"Swiming",0,0,0,1.3163450869,0,5.7778,-53.8836
"2019-04-19 03:20:00",3,"Swiming",0,0,0,1.8858277132,0,5.7742,-53.8797
"2019-04-19 03:20:00",3,"Swiming",0,0,0,2.3339451896,0,5.7737,-53.8798
"2019-04-19 03:20:00",3,"Swiming",0,0,0,2.548668147,0,5.7801,-53.8828
"2019-04-19 03:20:00",3,"Swiming",0,0,0,2.6700332969,0,5.7969,-53.8848
"2019-04-19 03:20:00",3,"Swiming",0,0,0,2.6700332969,0,5.7971,-53.8884
"2019-04-19 03:20:00",3,"Swiming",0,0,0,2.8474131313,0,5.8062,-53.8982
"2019-04-19 03:20:00",3,"Swiming",0,0,0,2.9967856234,0,5.805,-53.8912
"2019-04-19 03:20:00",3,"Swiming",0,0,0,3.1088149925,0,5.8022,-53.9146
"2019-04-19 03:20:00",2,"Breathing",0,0,0,3.2861948269,0,5.8019,-53.9164
"2019-04-19 03:20:00",2,"Breathing",0,0,0,3.3328737307,0,5.7984,-53.9166
"2019-04-19 03:20:00",2,"Breathing",0,0,0,3.3048663884,0,5.7498,-53.9359
"2019-04-19 03:20:00",2,"Breathing",0,0,0,3.3795526345,0,5.7517,-53.9321
"2019-04-19 03:20:00",2,"Breathing",0,0,0,1.3350166484,0,5.7532,-53.9333
"2019-04-19 03:20:00",2,"Breathing",0,0,0,2.9407709389,0,5.8436,-53.9815
"2019-04-19 03:20:00",2,"Breathing",0,0,0,1.428374456,0,5.9399,-53.9193
"2019-04-19 03:20:00",2,"Breathing",0,0,0,1.6711047557,0,5.9607,-53.9412
"2019-04-19 03:20:00",2,"Breathing",0,0,0,1.1016221294,0,5.9862,-53.9766
"2019-04-19 03:20:00",2,"Breathing",0,0,0,2.1005506706,0,5.9997,-53.9808
"2019-04-19 03:20:00",2,"Breathing",0,0,0,3.9677068223,0,6.0341,-53.9958
"2019-04-19 03:20:00",2,"Breathing",0,0,0,4.0517288491,0,6.0346,-54.0146
"2019-04-19 03:20:00",2,"Breathing",0,0,0,0.5601468455,0,6.0449,-54.0175
"2019-04-19 03:20:00",1,"Gliding",0,0,0,4.0237215068,0,6.0524,-54.0161
"2019-04-19 03:20:00",1,"Gliding",0,0,0,4.2664518066,0,6.0624,-54.0173
"2019-04-19 03:20:00",1,"Gliding",0,0,0,4.1824297797,0,6.0788,-54.0261
"2019-04-19 03:20:00",1,"Gliding",0,0,0,4.1824297797,0,6.5304,-54.3628
"2019-04-19 03:20:00",1,"Gliding",0,0,0,4.3037949296,0,6.6814,-54.2046
"2019-04-19 03:20:00",1,"Gliding",0,0,0,4.1264150952,0,6.7026,-54.2009
"2019-04-19 03:20:00",1,"Gliding",0,0,0,4.1170793144,0,6.7176,-54.2116
"2019-04-19 03:20:00",1,"Gliding",0,0,0,4.0610646299,0,6.7411,-54.2299
"2019-04-19 03:20:00",1,"Gliding",0,0,0,3.5102535651,0,6.7857,-54.2459
"2019-04-19 03:20:00",2,"Breathing",0,0,0,3.1741654578,0,6.7831,-54.2206
"2019-04-19 03:20:00",2,"Breathing",0,0,0,4.0517288491,0,7.1984,-54.3766
"2019-04-19 03:20:00",2,"Breathing",0,0,0,3.8370058917,0,7.1885,-54.4115
"2019-04-19 03:20:00",2,"Breathing",0,0,0,3.7063049611,0,7.2181,-54.4025
"2019-04-19 03:20:00",2,"Breathing",0,0,0,3.5382609074,0,7.2563,-54.4053
"2019-04-19 03:20:00",2,"Breathing",0,0,0,2.6420259546,0,7.2554,-54.4083
"2019-04-19 03:20:00",2,"Breathing",0,0,0,3.2301801424,0,7.2653,-54.4106
"2019-04-19 03:20:00",2,"Breathing",0,0,0,1.0176001026,0,7.2801,-54.439
"2019-04-19 03:20:00",2,"Breathing",0,0,0,2.1192222321,0,7.2986,-54.4372
"2019-04-19 03:20:00",2,"Breathing",0,0,0,1.9231708362,0,7.3054,-54.4674
"2019-04-19 03:20:00",3,"Swiming",0,0,0,1.8951634939,0,7.2866,-54.4546
"2019-04-19 03:20:00",3,"Swiming",0,0,0,2.1659011359,0,7.3207,-54.4612
"2019-04-19 03:20:00",3,"Swiming",0,0,0,2.5766754893,0,7.3223,-54.4621
"2019-04-19 03:20:00",3,"Swiming",0,0,0,2.2032442589,0,7.3358,-54.4692
"2019-04-19 03:20:00",3,"Swiming",0,0,0,1.8484845901,0,8.0025,-54.7821
"2019-04-19 03:20:00",3,"Swiming",0,0,0,2.511325024,0,8.0193,-54.8216
"2019-04-19 03:20:00",4,"Resting",0,0,0,1.8764919324,0,8.0447,-54.8337
"2019-04-19 03:20:00",4,"Resting",0,0,0,2.9501067196,0,8.0876,-54.8403
"2019-04-19 03:20:00",4,"Resting",0,0,0,2.9687782811,0,8.1308,-54.8628
"2019-04-19 03:20:00",4,"Resting",0,0,0,3.0061214042,0,8.1541,-54.873
"2019-04-19 03:20:00",4,"Resting",0,0,0,3.0341287465,0,8.1643,-54.8772
"2019-04-19 03:20:00",4,"Resting",0,0,0,3.1088149925,0,8.1733,-54.8711
"2019-04-19 03:20:00",4,"Resting",0,0,0,3.2021728001,0,9.0152,-54.9423
"2019-04-19 03:20:00",4,"Resting",0,0,0,3.3422095115,0,9.0503,-54.9391
"2019-04-19 03:20:00",4,"Resting",0,0,0,3.4075599768,0,9.074,-54.938
"2019-04-19 03:20:00",1,"Gliding",0,0,0,3.5009177844,0,9.1118,-54.9412
"2019-04-19 03:20:00",1,"Gliding",0,0,0,2.3246094088,0,9.1555,-54.9405
"2019-04-19 03:20:00",1,"Gliding",0,0,0,2.511325024,0,9.1642,-54.9402
"2019-04-19 03:20:00",1,"Gliding",0,0,0,2.6980406391,0,9.162,-54.9401
"2019-04-19 03:20:00",1,"Gliding",0,0,0,2.4459745587,0,9.1673,-54.9497
"2019-04-19 03:20:00",1,"Gliding",0,0,0,2.6420259546,0,9.189,-54.9493
"2019-04-19 03:20:00",1,"Gliding",0,0,0,2.1378937936,0,9.2048,-54.9497
"2019-04-19 03:20:00",3,"Swiming",0,0,0,2.2499231627,0,9.2241,-54.9457
"2019-04-19 03:20:00",3,"Swiming",0,0,0,2.2872662858,0,9.8346,-54.9564
"2019-04-19 03:20:00",3,"Swiming",0,0,0,1.9138350554,0,9.8516,-54.942
"2019-04-19 03:20:00",3,"Swiming",0,0,0,2.4179672164,0,9.8863,-54.939
"2019-04-19 03:20:00",3,"Swiming",0,0,0,2.5580039278,0,9.9085,-54.9338
"2019-04-19 03:20:00",3,"Swiming",0,0,0,2.6793690776,0,9.9115,-54.9212
"2019-04-19 03:20:00",3,"Swiming",0,0,0,1.7831341248,0,9.969,-54.9279
"2019-04-19 03:20:00",3,"Swiming",0,0,0,2.4273029972,0,9.9697,-54.928
"2019-04-19 03:20:00",3,"Swiming",0,0,0,2.7073764199,0,9.9865,-54.926
"2019-04-19 03:20:00",4,"Resting",0,0,0,1.0082643219,0,10.0145,-54.9438
"2019-04-19 03:20:00",4,"Resting",0,0,0,1.9044992747,0,10.0391,-54.9474
"2019-04-19 03:20:00",4,"Resting",0,0,0,1.9044992747,0,10.0408,-54.9493
"2019-04-19 03:20:00",4,"Resting",0,0,0,1.0829505679,0,10.056,-54.9521
"2019-04-19 03:20:00",4,"Resting",0,0,0,2.1005506706,0,10.0758,-54.9488
"2019-04-19 03:20:00",4,"Resting",0,0,0,1.4470460175,0,10.614,-54.904
"2019-04-19 03:20:00",4,"Resting",0,0,0,3.1368223348,0,10.6121,-54.914
"2019-04-19 03:20:00",4,"Resting",0,0,0,1.5030607021,0,10.6273,-54.9157
"2019-04-19 03:20:00",3,"Swiming",0,0,0,1.5684111674,0,10.6701,-54.9299
"2019-04-19 03:20:00",3,"Swiming",0,0,0,1.194979937,0,10.6875,-54.935
"2019-04-19 03:20:00",3,"Swiming",0,0,0,2.4553103394,0,10.6935,-54.9303
"2019-04-19 03:20:00",3,"Swiming",0,0,0,2.3806240934,0,10.72,-54.9457
"2019-04-19 03:20:00",3,"Swiming",0,0,0,3.2301801424,0,10.7457,-54.9599
"2019-04-19 03:20:00",3,"Swiming",0,0,0,2.3712883126,0,10.7241,-54.9391
"2019-04-19 03:20:00",4,"Resting",0,0,0,2.9781140619,0,10.7405,-54.9442
"2019-04-19 03:20:00",4,"Resting",0,0,0,2.7447195429,0,10.7676,-54.9512
"2019-04-19 03:20:00",4,"Resting",0,0,0,2.6700332969,0,11.3319,-54.9007
"2019-04-19 03:20:00",4,"Resting",0,0,0,2.0352002053,0,11.3023,-54.9171
"2019-04-19 03:20:00",4,"Resting",0,0,0,1.0736147872,0,11.3569,-54.9244
"2019-04-19 03:20:00",4,"Resting",0,0,0,1.391031333,0,11.3519,-54.9227
"2019-04-19 03:20:00",3,"Swiming",0,0,0,1.3536882099,0,11.3549,-54.9223
"2019-04-19 03:20:00",3,"Swiming",0,0,0,1.465717579,0,11.3604,-54.9202
"2019-04-19 03:20:00",3,"Swiming",0,0,0,1.5030607021,0,11.4015,-54.9119
"2019-04-19 03:20:00",3,"Swiming",0,0,0,1.6337616327,0,11.4438,-54.8974
"2019-04-19 03:20:00",3,"Swiming",0,0,0,1.5964185096,0,11.4437,-54.8974
"2019-04-19 03:20:00",3,"Swiming",0,0,0,1.5964185096,0,11.4763,-54.8941
"2019-04-19 03:20:00",3,"Swiming",0,0,0,0.5694826262,0,11.477,-54.9121
"2019-04-19 03:20:00",3,"Swiming",0,0,0,1.0082643219,0,12.0302,-54.8939
"2019-04-19 03:20:00",3,"Swiming",0,0,0,0.8308844875,0,11.965,-54.8193
"2019-04-19 03:20:00",4,"Resting",0,0,0,0.9149065143,0,11.9863,-54.7964
"2019-04-19 03:20:00",4,"Resting",0,0,0,1.2136514986,0,11.9981,-54.8448
"2019-04-19 03:20:00",4,"Resting",0,0,0,1.120293691,0,11.9977,-54.8447
"2019-04-19 03:20:00",4,"Resting",0,0,0,1.194979937,0,12.0419,-54.8224
"2019-04-19 03:20:00",4,"Resting",0,0,0,1.1763083755,0,12.0246,-54.8322
"2019-04-19 03:20:00",4,"Resting",0,0,0,1.194979937,0,12.0301,-54.8357
"2019-04-19 03:20:00",4,"Resting",0,0,0,1.5310680443,0,12.059,-54.8626
"2019-04-19 03:20:00",4,"Resting",0,0,0,1.5217322636,0,12.0745,-54.8744
"2019-04-19 03:20:00",3,"Swiming",0,0,0,1.4937249213,0,12.0871,-54.8268
"2019-04-19 03:20:00",3,"Swiming",0,0,0,1.3350166484,0,12.1287,-54.877
"2019-04-19 03:20:00",3,"Swiming",0,0,0,1.0922863487,0,12.8521,-54.6094
"2019-04-19 03:20:00",3,"Swiming",0,0,0,1.194979937,0,12.708,-54.6956
"2019-04-19 03:20:00",3,"Swiming",0,0,0,1.428374456,0,12.718,-54.6888
"2019-04-19 03:20:00",3,"Swiming",0,0,0,1.6711047557,0,12.8358,-54.8449
"2019-04-19 03:20:00",3,"Swiming",0,0,0,1.8764919324,0,12.7632,-54.8726
"2019-04-19 03:20:00",3,"Swiming",0,0,0,2.3246094088,0,12.7782,-54.8683
"2019-04-19 03:20:00",3,"Swiming",0,0,0,1.4843891405,0,12.8047,-54.8595
"2019-04-19 03:20:00",1,"Gliding",0,0,0,1.7831341248,0,12.8127,-54.8518
"2019-04-19 03:20:00",1,"Gliding",0,0,0,2.3899598741,0,13.4025,-54.7337
"2019-04-19 03:20:00",1,"Gliding",0,0,0,1.932506617,0,13.2245,-54.6289
"2019-04-19 03:20:00",1,"Gliding",0,0,0,1.8204772479,0,13.2247,-54.6287
"2019-04-19 03:20:00",1,"Gliding",0,0,0,0.9802569796,0,13.2292,-54.6296
"2019-04-19 03:20:00",1,"Gliding",0,0,0,2.1192222321,0,13.2319,-54.6312
"2019-04-19 03:20:00",1,"Gliding",0,0,0,6.2082942043,0,13.2416,-54.6313
"2019-04-19 03:20:00",5,"Feeding",0,0,0,6.105600616,0,13.2623,-54.6428
"2019-04-19 03:20:00",5,"Feeding",0,0,0,4.7332408445,0,13.3041,-54.6034
"2019-04-19 03:20:00",5,"Feeding",0,0,0,1.8578203709,0,13.3204,-54.5889
"2019-04-19 03:20:00",5,"Feeding",0,0,0,1.8858277132,0,13.3345,-54.5771
"2019-04-19 03:20:00",5,"Feeding",0,0,0,4.1824297797,0,13.7789,-54.5811
"2019-04-19 03:20:00",5,"Feeding",0,0,0,2.2499231627,0,13.7782,-54.5754
"2019-04-19 03:20:00",5,"Feeding",0,0,0,1.7177836595,0,13.8227,-54.5669
"2019-04-19 03:20:00",5,"Feeding",0,0,0,2.8007342275,0,13.8598,-54.5539
"2019-04-19 03:20:00",5,"Feeding",0,0,0,1.8764919324,0,13.8647,-54.55
"2019-04-19 03:20:00",2,"Breathing",0,0,0,7.6273328796,0,13.8649,-54.5517
"2019-04-19 03:20:00",2,"Breathing",0,0,0,7.5899897566,0,13.8739,-54.5479
"2019-04-19 03:20:00",2,"Breathing",0,0,0,7.4406172644,0,13.8831,-54.5437
"2019-04-19 03:20:00",2,"Breathing",0,0,0,7.3472594569,0,13.8914,-54.5393
"2019-04-19 03:20:00",2,"Breathing",0,0,0,7.6553402219,0,13.9022,-54.5618
"2019-04-19 03:20:00",5,"Feeding",0,0,0,7.5993255373,0,14.3856,-54.3956
"2019-04-19 03:20:00",5,"Feeding",0,0,0,7.8140484948,0,14.4177,-54.3839
"2019-04-19 03:20:00",5,"Feeding",0,0,0,7.6926833449,0,14.4014,-54.3964
"2019-04-19 03:20:00",5,"Feeding",0,0,0,7.8233842755,0,14.4378,-54.4344
"2019-04-19 03:20:00",5,"Feeding",0,0,0,7.8140484948,0,14.4514,-54.4275
"2019-04-19 03:20:00",5,"Feeding",0,0,0,1.1389652525,0,14.4693,-54.4235
"2019-04-19 03:20:00",5,"Feeding",0,0,0,7.496631949,0,14.4625,-54.4249
"2019-04-19 03:20:00",5,"Feeding",0,0,0,6.5723896539,0,14.472,-54.4318
"2019-04-19 03:20:00",5,"Feeding",0,0,0,6.1149363967,0,14.4824,-54.4294
"2019-04-19 03:20:00",4,"Resting",0,0,0,6.6003969962,0,14.508,-54.4201
"2019-04-19 03:20:00",4,"Resting",0,0,0,6.3670024772,0,14.5055,-54.4196
"2019-04-19 03:20:00",4,"Resting",0,0,0,6.2549731081,0,15.0375,-54.333
"2019-04-19 03:20:00",4,"Resting",0,0,0,6.0962648352,0,15.0911,-54.3202
"2019-04-19 03:20:00",4,"Resting",0,0,0,7.1605438417,0,15.1191,-54.3134
"2019-04-19 03:20:00",4,"Resting",0,0,0,7.0951933764,0,15.1489,-54.3265
"2019-04-19 03:20:00",4,"Resting",0,0,0,7.1325364994,0,15.1794,-54.318
"2019-04-19 03:20:00",4,"Resting",0,0,0,5.9375565623,0,15.216,-54.327
"2019-04-19 03:20:00",4,"Resting",0,0,0,6.0775932737,0,15.2125,-54.3198
"2019-04-19 03:20:00",4,"Resting",0,0,0,6.1989584236,0,15.7256,-54.3623
"2019-04-19 03:20:00",4,"Resting",0,0,0,6.2829804504,0,15.7322,-54.3163
"2019-04-19 03:20:00",5,"Feeding",0,0,0,6.3950098195,0,15.7221,-54.2805
"2019-04-19 03:20:00",5,"Feeding",0,0,0,6.5443823116,0,15.7592,-54.2119
"2019-04-19 03:20:00",5,"Feeding",0,0,0,1.2509946216,0,15.7641,-54.1955
"2019-04-19 03:20:00",5,"Feeding",0,0,0,2.58601127,0,15.79,-54.1943
"2019-04-19 03:20:00",5,"Feeding",0,0,0,2.4179672164,0,15.8212,-54.2934
"2019-04-19 03:20:00",5,"Feeding",0,0,0,2.7260479814,0,15.8273,-54.2949
"2019-04-19 03:20:00",5,"Feeding",0,0,0,1.7271194403,0,15.8356,-54.2831
"2019-04-19 03:20:00",5,"Feeding",0,0,0,9.8399129194,0,15.8723,-54.3012
"2019-04-19 03:20:00",4,"Resting",0,0,0,10.58677538,0,16.3994,-54.2947
"2019-04-19 03:20:00",4,"Resting",0,0,0,11.6790617288,0,16.3205,-54.2191
"2019-04-19 03:20:00",4,"Resting",0,0,0,11.9124562478,0,16.3293,-54.2094
"2019-04-19 03:20:00",4,"Resting",0,0,0,11.9964782746,0,16.3396,-54.2034
"2019-04-19 03:20:00",4,"Resting",0,0,0,12.0524929591,0,16.3483,-54.1958
"2019-04-19 03:20:00",4,"Resting",0,0,0,11.090907541,0,16.3608,-54.1852
"2019-04-19 03:20:00",4,"Resting",0,0,0,11.1002433218,0,16.395,-54.1869
"2019-04-19 03:20:00",4,"Resting",0,0,0,11.1562580063,0,16.4065,-54.1912
"2019-04-19 03:20:00",4,"Resting",0,0,0,10.4560744494,0,16.4095,-54.1886
"2019-04-19 03:20:00",4,"Resting",0,0,0,10.4560744494,0,16.4244,-54.193
"2019-04-19 03:20:00",2,"Breathing",0,0,0,10.4280671072,0,16.4545,-54.1872
"2019-04-19 03:20:00",2,"Breathing",0,0,0,10.4934175725,0,16.8843,-54.1761
"2019-04-19 03:20:00",2,"Breathing",0,0,0,10.4280671072,0,16.8267,-54.1704
"2019-04-19 03:20:00",2,"Breathing",0,0,0,2.5766754893,0,16.8441,-54.1946
"2019-04-19 03:20:00",2,"Breathing",0,0,0,2.1565653552,0,16.8462,-54.197
"2019-04-19 03:20:00",2,"Breathing",0,0,0,2.3619525318,0,16.8653,-54.1648
"2019-04-19 03:20:00",2,"Breathing",0,0,0,1.8391488094,0,16.8884,-54.1849
"2019-04-19 03:20:00",3,"Swiming",0,0,0,3.5102535651,0,16.8768,-54.1583
"2019-04-19 03:20:00",3,"Swiming",0,0,0,4.2944591488,0,16.8971,-54.191
"2019-04-19 03:20:00",3,"Swiming",0,0,0,5.4707675244,0,16.9116,-54.1894
"2019-04-19 03:20:00",3,"Swiming",0,0,0,5.9375565623,0,17.0412,-54.1939
"2019-04-19 03:20:00",3,"Swiming",0,0,0,5.872206097,0,17.0397,-54.1951
"2019-04-19 03:20:00",3,"Swiming",0,0,0,5.3213950323,0,17.3023,-54.1223
"2019-04-19 03:20:00",3,"Swiming",0,0,0,5.29338769,0,17.3224,-54.1274
"2019-04-19 03:20:00",3,"Swiming",0,0,0,5.2000298824,0,17.3139,-54.1251
"2019-04-19 03:20:00",3,"Swiming",0,0,0,2.2499231627,0,17.346,-54.1171
"2019-04-19 03:20:00",3,"Swiming",0,0,0,2.4833176817,0,17.378,-54.1126
"2019-04-19 03:20:00",3,"Swiming",0,0,0,2.3712883126,0,17.3787,-54.118
"2019-04-19 03:20:00",3,"Swiming",0,0,0,3.2395159231,0,17.4021,-54.1423
"2019-04-19 03:20:00",3,"Swiming",0,0,0,2.1565653552,0,17.4232,-54.169
"2019-04-19 03:20:00",3,"Swiming",0,0,0,0.5508110647,0,17.439,-54.1841
"2019-04-19 03:20:00",3,"Swiming",0,0,0,5.2000298824,0,17.4391,-54.1849
"2019-04-19 03:20:00",3,"Swiming",0,0,0,1.9885213015,0,17.4477,-54.195
"2019-04-19 03:20:00",3,"Swiming",0,0,0,5.1160078556,0,17.9048,-54.1956
"2019-04-19 03:20:00",3,"Swiming",0,0,0,5.0973362941,0,17.9216,-54.3386
"2019-04-19 03:20:00",3,"Swiming",0,0,0,0.9149065143,0,18.0038,-54.1934
"2019-04-19 03:20:00",3,"Swiming",0,0,0,4.518517887,0,18.0251,-54.1919
"2019-04-19 03:20:00",3,"Swiming",0,0,0,4.5558610101,0,18.0266,-54.2156
"2019-04-19 03:20:00",3,"Swiming",0,0,0,4.4625032025,0,18.0368,-54.2163
"2019-04-19 03:20:00",3,"Swiming",0,0,0,4.5838683524,0,18.2306,-54.2422
"2019-04-19 03:20:00",3,"Swiming",0,0,0,3.360881073,0,18.5417,-54.2528
"2019-04-19 03:20:00",3,"Swiming",0,0,0,3.8183343302,0,18.5795,-54.257
"2019-04-19 03:20:00",3,"Swiming",0,0,0,1.8018056863,0,18.6709,-54.2617
"2019-04-19 03:20:00",3,"Swiming",0,0,0,6.3670024772,0,18.6655,-54.2535
"2019-04-19 03:20:00",3,"Swiming",0,0,0,3.7249765226,0,18.6842,-54.2735
"2019-04-19 03:20:00",3,"Swiming",0,0,0,6.8431272959,0,18.8249,-54.3396
"2019-04-19 03:20:00",3,"Swiming",0,0,0,6.992499788,0,19.207,-54.353
"2019-04-19 03:20:00",3,"Swiming",0,0,0,1.4097028945,0,19.253,-54.384
"2019-04-19 03:20:00",3,"Swiming",0,0,0,8.2061512866,0,19.2546,-54.3839
"2019-04-19 03:20:00",3,"Swiming",0,0,0,8.3181806557,0,19.2818,-54.3365
"2019-04-19 03:20:00",3,"Swiming",0,0,0,8.4208742441,0,19.2893,-54.375
"2019-04-19 03:20:00",3,"Swiming",0,0,0,7.9354136446,0,19.2847,-54.3727
"2019-04-19 03:20:00",3,"Swiming",0,0,0,2.3806240934,0,19.3011,-54.3692
"2019-04-19 03:20:00",3,"Swiming",0,0,0,3.7063049611,0,19.6991,-54.4518
"2019-04-19 03:20:00",3,"Swiming",0,0,0,2.7447195429,0,19.7087,-54.4533
"2019-04-19 03:20:00",3,"Swiming",0,0,0,2.6700332969,0,19.7335,-54.4484
"2019-04-19 03:20:00",3,"Swiming",0,0,0,1.9605139592,0,19.7582,-54.4614
"2019-04-19 03:20:00",3,"Swiming",0,0,0,1.8298130286,0,19.7849,-54.4643
"2019-04-19 03:20:00",3,"Swiming",0,0,0,1.9791855207,0,19.792,-54.472
"2019-04-19 03:20:00",3,"Swiming",0,0,0,2.2312516012,0,19.7951,-54.4634
"2019-04-19 03:20:00",3,"Swiming",0,0,0,2.9687782811,0,19.7957,-54.4633
"2019-04-19 03:20:00",3,"Swiming",0,0,0,2.548668147,0,19.8149,-54.4673
"2019-04-19 03:20:00",3,"Swiming",0,0,0,2.5019892432,0,19.8272,-54.4694
"2019-04-19 03:20:00",3,"Swiming",0,0,0,8.9156706243,0,19.8419,-54.4699
"2019-04-19 03:20:00",3,"Swiming",0,0,0,9.5878468389,0,19.8494,-54.4618
"2019-04-19 03:20:00",3,"Swiming",0,0,0,1.194979937,0,19.8702,-54.4632
"2019-04-19 03:20:00",3,"Swiming",0,0,0,1.932506617,0,20.2225,-54.5042
"2019-04-19 03:20:00",3,"Swiming",0,0,0,7.8700631793,0,20.2467,-54.5301
"2019-04-19 03:20:00",3,"Swiming",0,0,0,7.2539016493,0,20.2321,-54.5185
"2019-04-19 03:20:00",4,"Resting",0,0,0,3.6502902765,0,20.2814,-54.5309
"2019-04-19 03:20:00",4,"Resting",0,0,0,2.3526167511,0,20.2861,-54.5405
"2019-04-19 03:20:00",4,"Resting",0,0,0,2.3806240934,0,20.2847,-54.5348
"2019-04-19 03:20:00",4,"Resting",0,0,0,2.2685947243,0,20.2898,-54.5422
"2019-04-19 03:20:00",4,"Resting",0,0,0,10.6334542838,0,20.3021,-54.5452
"2019-04-19 03:20:00",4,"Resting",0,0,0,10.3067019573,0,20.2962,-54.5451
"2019-04-19 03:20:00",4,"Resting",0,0,0,4.2944591488,0,20.6401,-54.6758
"2019-04-19 03:20:00",4,"Resting",0,0,0,2.8660846928,0,20.6198,-54.6371
"2019-04-19 03:20:00",4,"Resting",0,0,0,2.2499231627,0,20.6155,-54.6122
"2019-04-19 03:20:00",3,"Swiming",0,0,0,2.9314351581,0,20.6439,-54.624
"2019-04-19 03:20:00",3,"Swiming",0,0,0,2.782062666,0,20.6439,-54.6246
"2019-04-19 03:20:00",3,"Swiming",0,0,0,8.1968155059,0,20.6662,-54.6471
"2019-04-19 03:20:00",3,"Swiming",0,0,0,8.3741953403,0,20.7007,-54.6577
"2019-04-19 03:20:00",3,"Swiming",0,0,0,8.4022026826,0,20.9686,-54.7193
"2019-04-19 03:20:00",3,"Swiming",0,0,0,7.2072227455,0,20.9852,-54.7168
"2019-04-19 03:20:00",3,"Swiming",0,0,0,7.2539016493,0,21.0364,-54.7297
"2019-04-19 03:20:00",3,"Swiming",0,0,0,0.5508110647,0,21.0449,-54.7227
"2019-04-19 03:20:00",3,"Swiming",0,0,0,8.6636045438,0,21.0447,-54.7194
"2019-04-19 03:20:00",3,"Swiming",0,0,0,8.7662981321,0,21.0628,-54.7218
"2019-04-19 03:20:00",3,"Swiming",0,0,0,4.6398830369,0,21.0625,-54.7186
"2019-04-19 03:20:00",3,"Swiming",0,0,0,8.4862247094,0,21.076,-54.7335
"2019-04-19 03:20:00",3,"Swiming",0,0,0,8.2061512866,0,21.0823,-54.7336
"2019-04-19 03:20:00",3,"Swiming",0,0,0,8.2995090942,0,21.0955,-54.7275
"2019-04-19 03:20:00",3,"Swiming",0,0,0,8.4115384633,0,21.0954,-54.7275
"2019-04-19 03:20:00",3,"Swiming",0,0,0,8.5702467362,0,21.1938,-54.7047
"2019-04-19 03:20:00",3,"Swiming",0,0,0,3.2675232654,0,21.4564,-54.7808
"2019-04-19 03:20:00",3,"Swiming",0,0,0,3.5662682497,0,21.446,-54.8052
"2019-04-19 03:20:00",3,"Swiming",0,0,0,3.1928370193,0,21.4706,-54.8124
"2019-04-19 03:20:00",3,"Swiming",0,0,0,7.4032741414,0,21.4938,-54.8096
"2019-04-19 03:20:00",3,"Swiming",0,0,0,2.9781140619,0,21.4989,-54.8098
"2019-04-19 03:20:00",3,"Swiming",0,0,0,10.8761845836,0,21.5155,-54.8182
"2019-04-19 03:20:00",3,"Swiming",0,0,0,10.9135277066,0,21.5192,-54.8182
"2019-04-19 03:20:00",3,"Swiming",0,0,0,11.0068855142,0,21.5196,-54.819
"2019-04-19 03:20:00",3,"Swiming",0,0,0,0.578818407,0,21.5368,-54.8273
"2019-04-19 03:20:00",3,"Swiming",0,0,0,11.3803167445,0,21.549,-54.8314
"2019-04-19 03:20:00",3,"Swiming",0,0,0,11.3803167445,0,21.9177,-54.9189
"2019-04-19 03:20:00",3,"Swiming",0,0,0,4.0237215068,0,21.9297,-54.9416
"2019-04-19 03:20:00",3,"Swiming",0,0,0,2.8474131313,0,21.9002,-54.9986
"2019-04-19 03:20:00",3,"Swiming",0,0,0,4.6025399139,0,21.8964,-55.0284
"2019-04-19 03:20:00",3,"Swiming",0,0,0,4.714569283,0,21.9173,-55.0637
"2019-04-19 03:20:00",3,"Swiming",0,0,0,6.0309143699,0,21.9151,-55.0641
"2019-04-19 03:20:00",3,"Swiming",0,0,0,6.1802868621,0,21.9293,-55.0866
"2019-04-19 03:20:00",3,"Swiming",0,0,0,5.3213950323,0,21.9439,-55.1082
"2019-04-19 03:20:00",3,"Swiming",0,0,0,6.1522795198,0,21.967,-55.0977
"2019-04-19 03:20:00",3,"Swiming",0,0,0,5.3120592515,0,21.9663,-55.097
"2019-04-19 03:20:00",3,"Swiming",0,0,0,6.1522795198,0,21.9924,-55.1213
"2019-04-19 03:20:00",3,"Swiming",0,0,0,5.3120592515,0,22.0008,-55.1402
"2019-04-19 03:20:00",3,"Swiming",0,0,0,5.6574831396,0,22.0009,-55.137
"2019-04-19 03:20:00",3,"Swiming",0,0,0,5.5921326743,0,22.4336,-55.3532
"2019-04-19 03:20:00",5,"Feeding",0,0,0,6.3670024772,0,22.4419,-55.3611
"2019-04-19 03:20:00",5,"Feeding",0,0,0,5.2187014439,0,22.48,-55.3766
"2019-04-19 03:20:00",5,"Feeding",0,0,0,4.2664518066,0,22.4822,-55.3798
"2019-04-19 03:20:00",5,"Feeding",0,0,0,4.3598096142,0,22.5253,-55.3942
"2019-04-19 03:20:00",5,"Feeding",0,0,0,5.5921326743,0,22.5243,-55.3972
"2019-04-19 03:20:00",5,"Feeding",0,0,0,6.9458208842,0,22.5377,-55.4004
"2019-04-19 03:20:00",5,"Feeding",0,0,0,6.8337915151,0,22.5514,-55.3952
"2019-04-19 03:20:00",5,"Feeding",0,0,0,0.9522496373,0,22.5696,-55.4059
"2019-04-19 03:20:00",5,"Feeding",0,0,0,4.0610646299,0,22.5857,-55.4066
"2019-04-19 03:20:00",4,"Resting",0,0,0,4.1077435337,0,22.5751,-55.4175
"2019-04-19 03:20:00",4,"Resting",0,0,0,1.7551267825,0,23.0651,-55.6363
"2019-04-19 03:20:00",4,"Resting",0,0,0,6.0122428084,0,23.0484,-55.6544
"2019-04-19 03:20:00",4,"Resting",0,0,0,6.0029070276,0,23.1066,-55.6819
"2019-04-19 03:20:00",4,"Resting",0,0,0,2.6233543931,0,23.1502,-55.6996
"2019-04-19 03:20:00",4,"Resting",0,0,0,6.1616153005,0,23.1485,-55.693
"2019-04-19 03:20:00",4,"Resting",0,0,0,6.1896226428,0,23.1618,-55.7153
"2019-04-19 03:20:00",4,"Resting",0,0,0,6.5537180924,0,23.1763,-55.7244
"2019-04-19 03:20:00",4,"Resting",0,0,0,6.6003969962,0,23.2736,-55.7724
"2019-04-19 03:20:00",4,"Resting",0,0,0,6.6564116807,0,23.6314,-55.9369
"2019-04-19 03:20:00",3,"Swiming",0,0,0,6.7124263653,0,23.7135,-55.983
"2019-04-19 03:20:00",3,"Swiming",0,0,0,6.7871126114,0,23.7266,-55.9743
"2019-04-19 03:20:00",3,"Swiming",0,0,0,6.5910612154,0,23.7369,-55.9604
"2019-04-19 03:20:00",3,"Swiming",0,0,0,6.7030905845,0,23.8294,-56.0237
"2019-04-19 03:20:00",3,"Swiming",0,0,0,6.8151199536,0,24.1206,-56.1062
"2019-04-19 03:20:00",3,"Swiming",0,0,0,2.856748912,0,24.1836,-56.1165
"2019-04-19 03:20:00",3,"Swiming",0,0,0,1.8764919324,0,24.2058,-56.1167
"2019-04-19 03:20:00",3,"Swiming",0,0,0,9.7558908925,0,24.2461,-56.1388
"2019-04-19 03:20:00",3,"Swiming",0,0,0,2.6140186123,0,24.3572,-56.1768
"2019-04-19 03:20:00",3,"Swiming",0,0,0,7.8420558371,0,24.6155,-56.2639
"2019-04-19 03:20:00",3,"Swiming",0,0,0,7.9914283292,0,24.6629,-56.291
"2019-04-19 03:20:00",3,"Swiming",0,0,0,7.5153035105,0,24.6929,-56.1955
"2019-04-19 03:20:00",3,"Swiming",0,0,0,2.8100700082,0,24.7292,-56.1751
"2019-04-19 03:20:00",3,"Swiming",0,0,0,4.2011013413,0,24.7706,-56.1394
"2019-04-19 03:20:00",3,"Swiming",0,0,0,1.5870827289,0,24.7704,-56.1405
"2019-04-19 03:20:00",3,"Swiming",0,0,0,4.4064885179,0,24.947,-56.2222
"2019-04-19 03:20:00",3,"Swiming",0,0,0,4.4344958602,0,24.9641,-56.2137
"2019-04-19 03:20:00",3,"Swiming",0,0,0,4.6118756946,0,25.1482,-56.1724
"2019-04-19 03:20:00",4,"Resting",0,0,0,4.6305472561,0,25.1949,-56.1576
"2019-04-19 03:20:00",4,"Resting",0,0,0,3.6036113727,0,25.2595,-56.1864
"2019-04-19 03:20:00",4,"Resting",0,0,0,4.3037949296,0,25.2841,-56.2267
"2019-04-19 03:20:00",4,"Resting",0,0,0,4.2571160258,0,25.458,-56.2596
"2019-04-19 03:20:00",4,"Resting",0,0,0,4.6398830369,0,25.4572,-56.341
"2019-04-19 03:20:00",4,"Resting",0,0,0,2.6420259546,0,25.465,-56.3131
"2019-04-19 03:20:00",4,"Resting",0,0,0,3.9957141646,0,25.6674,-56.4271
"2019-04-19 03:20:00",4,"Resting",0,0,0,3.8930205762,0,25.6666,-56.425
"2019-04-19 03:20:00",2,"Breathing",0,0,0,3.8370058917,0,25.7478,-56.4375
"2019-04-19 03:20:00",2,"Breathing",0,0,0,3.7436480841,0,25.7507,-56.4393
"2019-04-19 03:20:00",2,"Breathing",0,0,0,3.865013234,0,25.8792,-56.4792
"2019-04-19 03:20:00",2,"Breathing",0,0,0,3.7623196456,0,25.8746,-56.5198
"2019-04-19 03:20:00",2,"Breathing",0,0,0,3.6969691803,0,25.9222,-56.5743
"2019-04-19 03:20:00",2,"Breathing",0,0,0,3.4449030998,0,25.9191,-56.5659
"2019-04-19 03:20:00",2,"Breathing",0,0,0,2.4366387779,0,26.0275,-56.6783
"2019-04-19 03:20:00",2,"Breathing",0,0,0,7.225894307,0,26.1322,-56.6421
"2019-04-19 03:20:00",2,"Breathing",0,0,0,7.1232007187,0,26.1544,-56.635
"2019-04-19 03:20:00",5,"Feeding",0,0,0,1.6244258519,0,26.1908,-56.6554
"2019-04-19 03:20:00",5,"Feeding",0,0,0,1.8018056863,0,26.2936,-56.7285
"2019-04-19 03:20:00",5,"Feeding",0,0,0,3.3422095115,0,26.3304,-56.7441
"2019-04-19 03:20:00",5,"Feeding",0,0,0,5.4987748667,0,26.3566,-56.7262
"2019-04-19 03:20:00",5,"Feeding",0,0,0,5.4240886206,0,26.5215,-56.8489
"2019-04-19 03:20:00",5,"Feeding",0,0,0,5.3680739361,0,26.5495,-56.8551
"2019-04-19 03:20:00",5,"Feeding",0,0,0,2.4179672164,0,26.5496,-56.8431
"2019-04-19 03:20:00",2,"Breathing",0,0,0,1.96984974,0,26.5936,-56.8664
"2019-04-19 03:20:00",2,"Breathing",0,0,0,2.4179672164,0,26.6075,-56.8485
"2019-04-19 03:20:00",2,"Breathing",0,0,0,5.7321693856,0,26.6878,-56.9788
"2019-04-19 03:20:00",2,"Breathing",0,0,0,5.7228336049,0,26.8616,-57.1213
"2019-04-19 03:20:00",2,"Breathing",0,0,0,5.4894390859,0,26.837,-57.1066
"2019-04-19 03:20:00",2,"Breathing",0,0,0,5.526782209,0,26.934,-57.1062
"2019-04-19 03:20:00",2,"Breathing",0,0,0,5.6294757973,0,26.9609,-57.1367
"2019-04-19 03:20:00",2,"Breathing",0,0,0,5.6574831396,0,26.9888,-57.1348
"2019-04-19 03:20:00",2,"Breathing",0,0,0,5.7228336049,0,27.0075,-57.1236
"2019-04-19 03:20:00",5,"Feeding",0,0,0,0.6815119953,0,27.1063,-57.1752
"2019-04-19 03:20:00",5,"Feeding",0,0,0,5.9282207816,0,27.2174,-57.1707
"2019-04-19 03:20:00",5,"Feeding",0,0,0,6.0589217122,0,27.1648,-57.1613
"2019-04-19 03:20:00",5,"Feeding",0,0,0,5.9748996854,0,27.119,-57.1578
"2019-04-19 03:20:00",5,"Feeding",0,0,0,6.2456373274,0,27.2639,-57.2377
"2019-04-19 03:20:00",5,"Feeding",0,0,0,6.1522795198,0,27.3017,-57.264
"2019-04-19 03:20:00",5,"Feeding",0,0,0,5.9188850008,0,27.3302,-57.2688
"2019-04-19 03:20:00",3,"Swiming",0,0,0,5.9468923431,0,27.3348,-57.3267
"2019-04-19 03:20:00",3,"Swiming",0,0,0,5.9002134393,0,27.5344,-57.4781
"2019-04-19 03:20:00",3,"Swiming",0,0,0,5.6294757973,0,27.5392,-57.4532
"2019-04-19 03:20:00",3,"Swiming",0,0,0,2.0352002053,0,27.5356,-57.4529
"2019-04-19 03:20:00",3,"Swiming",0,0,0,1.8764919324,0,27.527,-57.4713
"2019-04-19 03:20:00",3,"Swiming",0,0,0,2.0818791091,0,27.6287,-57.5277
"2019-04-19 03:20:00",4,"Resting",0,0,0,1.4937249213,0,27.6842,-57.5727
"2019-04-19 03:20:00",4,"Resting",0,0,0,1.2229872793,0,27.7181,-57.5824
"2019-04-19 03:20:00",4,"Resting",0,0,0,1.194979937,0,27.9236,-57.775
"2019-04-19 03:20:00",4,"Resting",0,0,0,1.2509946216,0,27.945,-57.7674
"2019-04-19 03:20:00",4,"Resting",0,0,0,1.2603304023,0,28.121,-57.7463
"2019-04-19 03:20:00",5,"Feeding",0,0,0,5.7601767279,0,28.1881,-57.7598
"2019-04-19 03:20:00",5,"Feeding",0,0,0,1.661768975,0,28.1935,-57.7359
"2019-04-19 03:20:00",5,"Feeding",0,0,0,1.8671561516,0,28.19,-57.788
"2019-04-19 03:20:00",5,"Feeding",0,0,0,1.8951634939,0,28.2114,-57.8144
"2019-04-19 03:20:00",5,"Feeding",0,0,0,1.8671561516,0,28.2232,-57.8432
"2019-04-19 03:20:00",5,"Feeding",0,0,0,1.7737983441,0,28.2414,-57.8638
"2019-04-19 03:20:00",5,"Feeding",0,0,0,1.7084478787,0,28.2477,-57.8673
"2019-04-19 03:20:00",5,"Feeding",0,0,0,1.5310680443,0,28.3377,-57.9529
"2019-04-19 03:20:00",2,"Breathing",0,0,0,1.6524331942,0,28.3885,-57.9235
"2019-04-19 03:20:00",2,"Breathing",0,0,0,1.1856441563,0,28.4015,-57.9331
"2019-04-19 03:20:00",2,"Breathing",0,0,0,1.3723597714,0,28.4104,-57.9545
"2019-04-19 03:20:00",2,"Breathing",0,0,0,2.6046828316,0,28.5843,-58.1241
"2019-04-19 03:20:00",2,"Breathing",0,0,0,1.6804405365,0,28.6561,-58.1995
"2019-04-19 03:20:00",3,"Swiming",0,0,0,1.9605139592,0,28.6315,-58.1322
"2019-04-19 03:20:00",3,"Swiming",0,0,0,1.8204772479,0,28.6579,-58.1488
"2019-04-19 03:20:00",3,"Swiming",0,0,0,1.6057542904,0,28.7768,-58.2061
"2019-04-19 03:20:00",3,"Swiming",0,0,0,1.4843891405,0,28.8036,-58.1982
"2019-04-19 03:20:00",3,"Swiming",0,0,0,1.6057542904,0,28.8144,-58.1998
"2019-04-19 03:20:00",3,"Swiming",0,0,0,3.2768590462,0,28.8633,-58.168
"2019-04-19 03:20:00",3,"Swiming",0,0,0,3.2208443616,0,28.8943,-58.1811
"2019-04-19 03:20:00",3,"Swiming",0,0,0,6.376338258,0,28.9076,-58.1851
"2019-04-19 03:20:00",5,"Feeding",0,0,0,6.3389951349,0,29.0881,-58.2713
"2019-04-19 03:20:00",5,"Feeding",0,0,0,6.0869290545,0,29.1003,-58.2738
"2019-04-19 03:20:00",5,"Feeding",0,0,0,6.0589217122,0,29.0804,-58.2679
"2019-04-19 03:20:00",5,"Feeding",0,0,0,5.6574831396,0,29.1137,-58.2749
"2019-04-19 03:20:00",5,"Feeding",0,0,0,5.6574831396,0,29.1492,-58.2703
"2019-04-19 03:20:00",5,"Feeding",0,0,0,0.8122129259,0,29.1725,-58.245
"2019-04-19 03:20:00",2,"Breathing",0,0,0,5.059993171,0,29.2683,-58.2493
"2019-04-19 03:20:00",2,"Breathing",0,0,0,5.0786647326,0,29.2963,-58.2746
"2019-04-19 03:20:00",2,"Breathing",0,0,0,4.7705839675,0,29.5844,-58.468
"2019-04-19 03:20:00",2,"Breathing",0,0,0,4.8359344328,0,29.5965,-58.4623
"2019-04-19 03:20:00",2,"Breathing",0,0,0,4.7705839675,0,29.6132,-58.4869
"2019-04-19 03:20:00",2,"Breathing",0,0,0,4.8265986521,0,29.6055,-58.4893
"2019-04-19 03:20:00",2,"Breathing",0,0,0,1.1483010332,0,29.6493,-58.5384
"2019-04-19 03:20:00",1,"Gliding",0,0,0,2.6700332969,0,29.6629,-58.555
"2019-04-19 03:20:00",1,"Gliding",0,0,0,1.8951634939,0,29.6682,-58.5614
"2019-04-19 03:20:00",1,"Gliding",0,0,0,3.6502902765,0,29.6792,-58.5647
"2019-04-19 03:20:00",1,"Gliding",0,0,0,3.6969691803,0,29.821,-58.6735
"2019-04-19 03:20:00",1,"Gliding",0,0,0,2.2499231627,0,30.017,-58.788
"2019-04-19 03:20:00",1,"Gliding",0,0,0,1.6804405365,0,30.0432,-58.7835
"2019-04-19 03:20:00",4,"Resting",0,0,0,0.7001835568,0,30.0542,-58.7642
"2019-04-19 03:20:00",4,"Resting",0,0,0,8.1127934791,0,30.0656,-58.7667
"2019-04-19 03:20:00",4,"Resting",0,0,0,8.3275164365,0,30.143,-58.8004
"2019-04-19 03:20:00",4,"Resting",0,0,0,1.120293691,0,30.172,-58.7931
"2019-04-19 03:20:00",4,"Resting",0,0,0,3.1181507733,0,30.1603,-58.7841
"2019-04-19 03:20:00",4,"Resting",0,0,0,2.4553103394,0,30.1539,-58.7733
"2019-04-19 03:20:00",4,"Resting",0,0,0,6.6657474615,0,30.166,-58.7727
"2019-04-19 03:20:00",4,"Resting",0,0,0,6.5257107501,0,30.171,-58.7689
"2019-04-19 03:20:00",4,"Resting",0,0,0,2.7073764199,0,30.1792,-58.7668
"2019-04-19 03:20:00",4,"Resting",0,0,0,5.9188850008,0,30.242,-58.7997
"2019-04-19 03:20:00",4,"Resting",0,0,0,5.9188850008,0,30.2427,-58.8072
"2019-04-19 03:20:00",4,"Resting",0,0,0,2.007192863,0,30.2577,-58.8143
"2019-04-19 03:20:00",4,"Resting",0,0,0,4.6398830369,0,30.2775,-58.8181
"2019-04-19 03:20:00",4,"Resting",0,0,0,4.6118756946,0,30.269,-58.8235
"2019-04-19 03:20:00",4,"Resting",0,0,0,2.6046828316,0,30.291,-58.8205
"2019-04-19 03:20:00",4,"Resting",0,0,0,2.6233543931,0,30.2915,-58.812
"2019-04-19 03:20:00",4,"Resting",0,0,0,1.9044992747,0,30.3116,-58.7954
"2019-04-19 03:20:00",4,"Resting",0,0,0,1.7551267825,0,30.3115,-58.8065
"2019-04-19 03:20:00",4,"Resting",0,0,0,3.3328737307,0,30.3175,-58.8044
"2019-04-19 03:20:00",4,"Resting",0,0,0,3.2581874847,0,30.3204,-58.8032
"2019-04-19 03:20:00",4,"Resting",0,0,0,2.2219158205,0,30.3542,-58.7477
"2019-04-19 03:20:00",4,"Resting",0,0,0,1.7457910018,0,30.6294,-58.9216
"2019-04-19 03:20:00",4,"Resting",0,0,0,1.9978570823,0,30.6732,-58.9187
"2019-04-19 03:20:00",3,"Swiming",0,0,0,5.0506573903,0,30.6877,-58.9402
"2019-04-19 03:20:00",3,"Swiming",0,0,0,4.7985913098,0,30.8268,-59.0133
"2019-04-19 03:20:00",3,"Swiming",0,0,0,5.7508409472,0,30.853,-59.1146
"2019-04-19 03:20:00",3,"Swiming",0,0,0,4.789255529,0,30.8629,-59.1467
"2019-04-19 03:20:00",3,"Swiming",0,0,0,4.6865619407,0,30.9145,-59.1814
"2019-04-19 03:20:00",3,"Swiming",0,0,0,0.8682276105,0,30.8848,-59.1293
"2019-04-19 03:20:00",3,"Swiming",0,0,0,4.173093999,0,30.9049,-59.1612
"2019-04-19 03:20:00",3,"Swiming",0,0,0,4.0984077529,0,30.8941,-59.1373
"2019-04-19 03:20:00",3,"Swiming",0,0,0,3.9957141646,0,30.9785,-59.2448
"2019-04-19 03:20:00",3,"Swiming",0,0,0,3.9583710415,0,30.9732,-59.2579
"2019-04-19 03:20:00",3,"Swiming",0,0,0,0.6721762146,0,30.9682,-59.2666
"2019-04-19 03:20:00",3,"Swiming",0,0,0,3.8276701109,0,31.1307,-59.4783
"2019-04-19 03:20:00",3,"Swiming",0,0,0,3.8183343302,0,31.1489,-59.5043
"2019-04-19 03:20:00",2,"Breathing",0,0,0,3.93969948,0,31.1544,-59.5286
"2019-04-19 03:20:00",2,"Breathing",0,0,0,3.9863783838,0,31.1721,-59.5506
"2019-04-19 03:20:00",2,"Breathing",0,0,0,4.1357508759,0,31.1942,-59.5509
"2019-04-19 03:20:00",2,"Breathing",0,0,0,4.1824297797,0,31.1868,-59.5371
"2019-04-19 03:20:00",2,"Breathing",0,0,0,4.2291086835,0,31.2045,-59.5513
"2019-04-19 03:20:00",1,"Gliding",0,0,0,4.3691453949,0,31.3393,-59.6451
"2019-04-19 03:20:00",1,"Gliding",0,0,0,4.4344958602,0,31.5581,-59.7386
"2019-04-19 03:20:00",1,"Gliding",0,0,0,4.5091821063,0,31.5156,-59.7369
"2019-04-19 03:20:00",1,"Gliding",0,0,0,4.7239050637,0,31.5474,-59.7694
"2019-04-19 03:20:00",1,"Gliding",0,0,0,4.7705839675,0,31.5547,-59.7682
"2019-04-19 03:20:00",1,"Gliding",0,0,0,0.8588918297,0,31.5541,-59.7695
"2019-04-19 03:20:00",2,"Breathing",0,0,0,5.1253436363,0,31.5825,-59.8274
"2019-04-19 03:20:00",2,"Breathing",0,0,0,5.2187014439,0,31.605,-59.8661
"2019-04-19 03:20:00",2,"Breathing",0,0,0,1.5310680443,0,31.6542,-59.9394
"2019-04-19 03:20:00",2,"Breathing",0,0,0,1.2883377446,0,31.6642,-59.8229
"2019-04-19 03:20:00",2,"Breathing",0,0,0,2.6420259546,0,31.6686,-59.8157
"2019-04-19 03:20:00",2,"Breathing",0,0,0,2.6980406391,0,31.7722,-59.8402
"2019-04-19 03:20:00",2,"Breathing",0,0,0,1.5310680443,0,31.8292,-59.9575
"2019-04-19 03:20:00",2,"Breathing",0,0,0,1.9885213015,0,31.9979,-59.8007
"2019-04-19 03:20:00",2,"Breathing",0,0,0,1.5123964828,0,32.041,-59.8442
"2019-04-19 03:20:00",2,"Breathing",0,0,0,1.4843891405,0,32.0748,-59.8581
"2019-04-19 03:20:00",3,"Swiming",0,0,0,1.6897763172,0,32.1101,-59.9083
"2019-04-19 03:20:00",3,"Swiming",0,0,0,1.4003671137,0,32.1408,-59.8376
"2019-04-19 03:20:00",3,"Swiming",0,0,0,1.8111414671,0,32.2861,-59.8634
"2019-04-19 03:20:00",3,"Swiming",0,0,0,2.9501067196,0,32.2357,-59.8282
"2019-04-19 03:20:00",3,"Swiming",0,0,0,2.9687782811,0,32.4245,-59.9067
"2019-04-19 03:20:00",3,"Swiming",0,0,0,3.1835012386,0,32.5269,-59.9378
"2019-04-19 03:20:00",3,"Swiming",0,0,0,3.0808076502,0,32.4941,-59.9179
"2019-04-19 03:20:00",3,"Swiming",0,0,0,1.5030607021,0,32.5396,-59.9433
"2019-04-19 03:20:00",3,"Swiming",0,0,0,1.1669725948,0,32.7117,-60.0049
"2019-04-19 03:20:00",4,"Resting",0,0,0,1.6897763172,0,32.7312,-60.0899
"2019-04-19 03:20:00",4,"Resting",0,0,0,1.3443524292,0,33.0145,-60.4933
"2019-04-19 03:20:00",4,"Resting",0,0,0,1.4003671137,0,32.7433,-59.9126
"2019-04-19 03:20:00",4,"Resting",0,0,0,1.6337616327,0,33.0628,-61.0174
"2019-04-19 03:20:00",4,"Resting",0,0,0,1.5217322636,0,33.0752,-61.0515
"2019-04-19 03:20:00",4,"Resting",0,0,0,1.1296294717,0,33.0874,-61.0804
"2019-04-19 03:20:00",4,"Resting",0,0,0,0.7375266799,0,33.0629,-61.1152
"2019-04-19 03:20:00",4,"Resting",0,0,0,1.699112098,0,33.1172,-61.1872
"2019-04-19 03:20:00",2,"Breathing",0,0,0,3.8836847955,0,33.1176,-61.1881
"2019-04-19 03:20:00",2,"Breathing",0,0,0,0.8215487067,0,33.1275,-61.2231
"2019-04-19 03:20:00",2,"Breathing",0,0,0,6.8898061997,0,33.1604,-61.1972
"2019-04-19 03:20:00",2,"Breathing",0,0,0,0.886899172,0,33.1606,-61.1992
"2019-04-19 03:20:00",2,"Breathing",0,0,0,7.2072227455,0,33.1624,-61.2274
"2019-04-19 03:20:00",2,"Breathing",0,0,0,7.1512080609,0,33.1369,-61.6012
"2019-04-19 03:20:00",2,"Breathing",0,0,0,7.0858575956,0,33.2089,-61.4404
"2019-04-19 03:20:00",4,"Resting",0,0,0,7.0578502533,0,33.2012,-61.4463
"2019-04-19 03:20:00",4,"Resting",0,0,0,7.0111713496,0,33.2237,-61.5039
"2019-04-19 03:20:00",4,"Resting",0,0,0,6.0122428084,0,33.2467,-61.4912
"2019-04-19 03:20:00",4,"Resting",0,0,0,5.9562281239,0,33.2902,-61.5302
"2019-04-19 03:20:00",4,"Resting",0,0,0,5.9748996854,0,33.241,-61.752
"2019-04-19 03:20:00",4,"Resting",0,0,0,7.5899897566,0,33.2506,-61.7548
"2019-04-19 03:20:00",3,"Swiming",0,0,0,7.6273328796,0,33.2726,-61.7706
"2019-04-19 03:20:00",3,"Swiming",0,0,0,1.8298130286,0,33.2774,-61.7942
"2019-04-19 03:20:00",3,"Swiming",0,0,0,7.0671860341,0,33.2966,-61.8387
"2019-04-19 03:20:00",3,"Swiming",0,0,0,7.1512080609,0,33.2735,-61.9272
"2019-04-19 03:20:00",3,"Swiming",0,0,0,6.7124263653,0,33.2805,-61.9529
"2019-04-19 03:20:00",3,"Swiming",0,0,0,6.7684410498,0,33.327,-61.8906
"2019-04-19 03:20:00",3,"Swiming",0,0,0,6.8244557344,0,33.5795,-62.0664
"2019-04-19 03:20:00",3,"Swiming",0,0,0,2.240587382,0,33.5774,-62.0619
"2019-04-19 03:20:00",3,"Swiming",0,0,0,6.955156665,0,33.6326,-62.0943
"2019-04-19 03:20:00",2,"Breathing",0,0,0,7.0391786918,0,33.6615,-62.1069
"2019-04-19 03:20:00",2,"Breathing",0,0,0,2.0632075476,0,33.7197,-62.1339
"2019-04-19 03:20:00",2,"Breathing",0,0,0,6.8898061997,0,33.9417,-62.237
"2019-04-19 03:20:00",2,"Breathing",0,0,0,6.9644924458,0,33.9054,-62.1837
"2019-04-19 03:20:00",2,"Breathing",0,0,0,7.533975072,0,33.9718,-62.3385
"2019-04-19 03:20:00",2,"Breathing",0,0,0,8.3928669018,0,34.0018,-62.386
"2019-04-19 03:20:00",2,"Breathing",0,0,0,8.4582173671,0,34.0418,-62.4332
"2019-04-19 03:20:00",2,"Breathing",0,0,0,8.5142320517,0,34.0187,-62.3989
"2019-04-19 03:20:00",2,"Breathing",0,0,0,8.5702467362,0,34.039,-62.4203
"2019-04-19 03:20:00",2,"Breathing",0,0,0,9.0090284319,0,34.037,-62.4079
"2019-04-19 03:20:00",2,"Breathing",0,0,0,9.2237513893,0,34.0603,-62.4279
"2019-04-19 03:20:00",2,"Breathing",0,0,0,10.2133441497,0,34.1945,-62.6162
"2019-04-19 03:20:00",2,"Breathing",0,0,0,10.2226799305,0,34.638,-62.9123
"2019-04-19 03:20:00",2,"Breathing",0,0,0,10.3627166418,0,34.6336,-62.9556
"2019-04-19 03:20:00",2,"Breathing",0,0,0,10.3813882034,0,34.8552,-63.3159
"2019-04-19 03:20:00",4,"Resting",0,0,0,10.3347092996,0,34.8725,-63.1961
"2019-04-19 03:20:00",4,"Resting",0,0,0,10.3347092996,0,34.9287,-63.1975
"2019-04-19 03:20:00",4,"Resting",0,0,0,9.2984376354,0,34.9399,-63.2083
"2019-04-19 03:20:00",4,"Resting",0,0,0,4.6492188177,0,34.9985,-63.2609
"2019-04-19 03:20:00",4,"Resting",0,0,0,9.662533085,0,35.029,-63.2912
"2019-04-19 03:20:00",4,"Resting",0,0,0,9.5878468389,0,35.2627,-63.5042
"2019-04-19 03:20:00",4,"Resting",0,0,0,9.5318321543,0,35.2737,-63.554
"2019-04-19 03:20:00",1,"Gliding",0,0,0,8.7196192284,0,35.2741,-63.5543
"2019-04-19 03:20:00",1,"Gliding",0,0,0,8.6262614208,0,35.3124,-63.5841
"2019-04-19 03:20:00",1,"Gliding",0,0,0,1.4563817983,0,35.3043,-63.5752
"2019-04-19 03:20:00",1,"Gliding",0,0,0,7.5713181951,0,35.3346,-63.6063
"2019-04-19 03:20:00",1,"Gliding",0,0,0,7.4499530452,0,35.3531,-63.5956
"2019-04-19 03:20:00",1,"Gliding",0,0,0,7.3846025799,0,35.396,-63.5956
"2019-04-19 03:20:00",5,"Feeding",0,0,0,4.3504738334,0,35.4341,-63.5834
"2019-04-19 03:20:00",5,"Feeding",0,0,0,5.7415051664,0,35.6139,-63.7076
"2019-04-19 03:20:00",5,"Feeding",0,0,0,6.142943739,0,35.5834,-63.7984
"2019-04-19 03:20:00",5,"Feeding",0,0,0,6.0775932737,0,35.5464,-63.8984
"2019-04-19 03:20:00",5,"Feeding",0,0,0,0.8962349528,0,35.5279,-63.9114
"2019-04-19 03:20:00",5,"Feeding",0,0,0,5.4801033052,0,35.3587,-64.3426
"2019-04-19 03:20:00",5,"Feeding",0,0,0,5.4520959629,0,35.5627,-64.0215
"2019-04-19 03:20:00",5,"Feeding",0,0,0,6.1149363967,0,35.596,-64.0777
"2019-04-19 03:20:00",5,"Feeding",0,0,0,6.0495859314,0,35.5959,-64.0793
"2019-04-19 03:20:00",1,"Gliding",0,0,0,8.2248228482,0,35.6239,-64.1256
"2019-04-19 03:20:00",1,"Gliding",0,0,0,9.6251899619,0,35.6328,-64.1047
"2019-04-19 03:20:00",1,"Gliding",0,0,0,9.5878468389,0,35.6783,-64.073
"2019-04-19 03:20:00",1,"Gliding",0,0,0,9.8585844809,0,35.642,-64.0737
"2019-04-19 03:20:00",1,"Gliding",0,0,0,9.8399129194,0,35.6438,-64.0917
"2019-04-19 03:20:00",1,"Gliding",0,0,0,9.8679202616,0,35.6487,-64.0863
"2019-04-19 03:20:00",1,"Gliding",0,0,0,9.9052633847,0,35.6901,-64.1493
"2019-04-19 03:20:00",1,"Gliding",0,0,0,9.9426065077,0,35.7354,-64.2127
"2019-04-19 03:20:00",3,"Swiming",0,0,0,3.594275592,0,35.7346,-64.1994
"2019-04-19 03:20:00",3,"Swiming",0,0,0,9.8399129194,0,35.7426,-64.1842
"2019-04-19 03:20:00",3,"Swiming",0,0,0,9.933270727,0,35.5846,-64.5495
"2019-04-19 03:20:00",3,"Swiming",0,0,0,10.007956973,0,35.58,-64.6494
"2019-04-19 03:20:00",3,"Swiming",0,0,0,2.9034278158,0,35.5891,-64.6511
"2019-04-19 03:20:00",3,"Swiming",0,0,0,3.0994792118,0,35.6042,-64.7075
"2019-04-19 03:20:00",3,"Swiming",0,0,0,1.5030607021,0,35.6035,-64.7082
"2019-04-19 03:20:00",3,"Swiming",0,0,0,3.0061214042,0,35.8099,-65.0865
"2019-04-19 03:20:00",4,"Resting",0,0,0,2.3992956549,0,35.7795,-65.1501
"2019-04-19 03:20:00",4,"Resting",0,0,0,2.4086314356,0,35.7879,-65.1637
"2019-04-19 03:20:00",4,"Resting",0,0,0,1.6711047557,0,35.7849,-65.1995
"2019-04-19 03:20:00",4,"Resting",0,0,0,1.5777469481,0,35.7881,-65.1881
"2019-04-19 03:20:00",4,"Resting",0,0,0,4.0517288491,0,35.7948,-65.1903
"2019-04-19 03:20:00",4,"Resting",0,0,0,3.7343123033,0,35.813,-65.2184
"2019-04-19 03:20:00",4,"Resting",0,0,0,2.1659011359,0,35.8134,-65.2184
"2019-04-19 03:20:00",4,"Resting",0,0,0,3.1648296771,0,35.8307,-65.2269
"2019-04-19 03:20:00",4,"Resting",0,0,0,3.3888884153,0,35.84,-65.2616
"2019-04-19 03:20:00",4,"Resting",0,0,0,2.0538717668,0,35.8126,-65.2191
"2019-04-19 03:20:00",4,"Resting",0,0,0,2.9967856234,0,35.8551,-65.267
"2019-04-19 03:20:00",4,"Resting",0,0,0,2.4459745587,0,35.8613,-65.2771
"2019-04-19 03:20:00",4,"Resting",0,0,0,3.7249765226,0,35.8786,-65.2812
"2019-04-19 03:20:00",4,"Resting",0,0,0,3.6502902765,0,35.8754,-65.2806
"2019-04-19 03:20:00",1,"Gliding",0,0,0,4.2011013413,0,35.8814,-65.2906
"2019-04-19 03:20:00",1,"Gliding",0,0,0,4.0704004106,0,35.9147,-65.3469
"2019-04-19 03:20:00",1,"Gliding",0,0,0,5.564125332,0,36.0544,-65.6157
"2019-04-19 03:20:00",1,"Gliding",0,0,0,3.2301801424,0,36.0006,-65.8591
"2019-04-19 03:20:00",1,"Gliding",0,0,0,4.7799197483,0,36.0004,-65.9245
"2019-04-19 03:20:00",1,"Gliding",0,0,0,2.9781140619,0,36.0917,-66.0078
"2019-04-19 03:20:00",4,"Resting",0,0,0,2.9781140619,0,36.0963,-66.0019
"2019-04-19 03:20:00",4,"Resting",0,0,0,2.4833176817,0,36.1972,-66.1896
"2019-04-19 03:20:00",4,"Resting",0,0,0,2.5673397085,0,36.2433,-66.271
"2019-04-19 03:20:00",4,"Resting",0,0,0,2.4646461202,0,36.2855,-66.3117
"2019-04-19 03:20:00",4,"Resting",0,0,0,2.8847562543,0,36.3003,-66.333
"2019-04-19 03:20:00",4,"Resting",0,0,0,2.3339451896,0,36.5019,-66.6992
"2019-04-19 03:20:00",4,"Resting",0,0,0,4.8919491174,0,36.7369,-66.5944
"2019-04-19 03:20:00",4,"Resting",0,0,0,4.8919491174,0,36.9083,-66.7056
"2019-04-19 03:20:00",4,"Resting",0,0,0,0.9709211988,0,36.8918,-66.6844
"2019-04-19 03:20:00",4,"Resting",0,0,0,4.7799197483,0,36.863,-66.6293
"2019-04-19 03:20:00",4,"Resting",0,0,0,4.7332408445,0,36.8855,-66.6194
"2019-04-19 03:20:00",4,"Resting",0,0,0,4.6772261599,0,37.0374,-66.6271
"2019-04-19 03:20:00",4,"Resting",0,0,0,4.6118756946,0,37.0863,-66.7178
"2019-04-19 03:20:00",4,"Resting",0,0,0,3.9116921377,0,37.0708,-66.7418
"2019-04-19 03:20:00",4,"Resting",0,0,0,1.8671561516,0,37.1069,-66.7126
"2019-04-19 03:20:00",4,"Resting",0,0,0,1.6430974134,0,37.333,-66.7709
"2019-04-19 03:20:00",4,"Resting",0,0,0,2.315273628,0,37.3554,-66.7719
"2019-04-19 03:20:00",5,"Feeding",0,0,0,1.3443524292,0,37.3443,-66.7616
"2019-04-19 03:20:00",5,"Feeding",0,0,0,1.9978570823,0,37.3767,-66.757
"2019-04-19 03:20:00",5,"Feeding",0,0,0,1.5497396059,0,37.3833,-66.7558
"2019-04-19 03:20:00",5,"Feeding",0,0,0,1.4097028945,0,37.3834,-66.732
"2019-04-19 03:20:00",5,"Feeding",0,0,0,1.8111414671,0,37.4169,-66.707
"2019-04-19 03:20:00",5,"Feeding",0,0,0,4.2757875873,0,37.4461,-66.7428
"2019-04-19 03:20:00",5,"Feeding",0,0,0,3.7623196456,0,37.4573,-66.7342
"2019-04-19 03:20:00",1,"Gliding",0,0,0,1.8764919324,0,37.7923,-66.0254
"2019-04-19 03:20:00",1,"Gliding",0,0,0,2.0912148898,0,37.812,-65.9722
"2019-04-19 03:20:00",1,"Gliding",0,0,0,1.7644625633,0,37.8349,-65.9127
"2019-04-19 03:20:00",1,"Gliding",0,0,0,1.4470460175,0,37.8736,-65.8065
"2019-04-19 03:20:00",1,"Gliding",0,0,0,1.9511781785,0,37.8775,-65.8074
"2019-04-19 03:20:00",1,"Gliding",0,0,0,1.8111414671,0,37.8851,-65.7819
"2019-04-19 03:20:00",1,"Gliding",0,0,0,3.0247929657,0,37.8886,-65.7738
"2019-04-19 03:20:00",1,"Gliding",0,0,0,3.3515452922,0,37.8989,-65.7541
"2019-04-19 03:20:00",4,"Resting",0,0,0,4.2757875873,0,37.9116,-65.7281
"2019-04-19 03:20:00",4,"Resting",0,0,0,5.4054170591,0,37.9347,-65.6998
"2019-04-19 03:20:00",4,"Resting",0,0,0,6.5443823116,0,38.1742,-65.0139
"2019-04-19 03:20:00",4,"Resting",0,0,0,4.4531674217,0,38.049,-65.3384
"2019-04-19 03:20:00",4,"Resting",0,0,0,1.7551267825,0,37.9939,-65.4083
"2019-04-19 03:20:00",4,"Resting",0,0,0,1.699112098,0,38.0681,-65.1349
"2019-04-19 03:20:00",4,"Resting",0,0,0,3.7343123033,0,38.0553,-65.1132
"2019-04-19 03:20:00",4,"Resting",0,0,0,6.7404337076,0,38.0672,-65.1051
"2019-04-19 03:20:00",4,"Resting",0,0,0,6.8337915151,0,38.0576,-65.1045
"2019-04-19 03:20:00",4,"Resting",0,0,0,6.684419023,0,38.0644,-64.9469
"2019-04-19 03:20:00",4,"Resting",0,0,0,6.684419023,0,38.0878,-65.0749
"2019-04-19 03:20:00",4,"Resting",0,0,0,1.5964185096,0,38.1825,-65.0871
"2019-04-19 03:20:00",4,"Resting",0,0,0,6.5537180924,0,38.2144,-65.0553
"2019-04-19 03:20:00",4,"Resting",0,0,0,6.4790318463,0,38.2159,-65.0866
"2019-04-19 03:20:00",4,"Resting",0,0,0,6.4790318463,0,38.2227,-65.0528
"2019-04-19 03:20:00",4,"Resting",0,0,0,7.1605438417,0,38.2218,-65.0535
"2019-04-19 03:20:00",4,"Resting",0,0,0,7.188551184,0,38.2381,-65.0566
"2019-04-19 03:20:00",4,"Resting",0,0,0,7.1605438417,0,38.2491,-65.149
"2019-04-19 03:20:00",2,"Breathing",0,0,0,7.0765218149,0,38.2387,-65.151
"2019-04-19 03:20:00",2,"Breathing",0,0,0,6.8151199536,0,38.2375,-65.1565
"2019-04-19 03:20:00",2,"Breathing",0,0,0,6.7964483921,0,38.2819,-65.1444
"2019-04-19 03:20:00",2,"Breathing",0,0,0,4.4718389833,0,38.296,-65.1492
"2019-04-19 03:20:00",2,"Breathing",0,0,0,6.5257107501,0,38.2937,-65.1572
"2019-04-19 03:20:00",2,"Breathing",0,0,0,6.451024504,0,38.2779,-65.209
"2019-04-19 03:20:00",2,"Breathing",0,0,0,0.8028771452,0,38.2731,-65.2269
"2019-04-19 03:20:00",2,"Breathing",0,0,0,6.3296593542,0,38.2493,-65.2333
"2019-04-19 03:20:00",2,"Breathing",0,0,0,6.2829804504,0,38.2551,-65.2595
"2019-04-19 03:20:00",4,"Resting",0,0,0,4.9386280212,0,38.2539,-65.2564
"2019-04-19 03:20:00",4,"Resting",0,0,0,6.3950098195,0,38.2563,-65.2848
"2019-04-19 03:20:00",4,"Resting",0,0,0,6.3016520119,0,38.2606,-65.3879
"2019-04-19 03:20:00",4,"Resting",0,0,0,6.9458208842,0,38.2681,-65.3804
"2019-04-19 03:20:00",4,"Resting",0,0,0,1.3816955522,0,38.2615,-65.3994
"2019-04-19 03:20:00",4,"Resting",0,0,0,2.9781140619,0,38.2663,-65.3946
"2019-04-19 03:20:00",3,"Swiming",0,0,0,7.5246392913,0,38.2509,-65.4001
"2019-04-19 03:20:00",3,"Swiming",0,0,0,1.9978570823,0,38.2658,-65.4372
"2019-04-19 03:20:00",3,"Swiming",0,0,0,3.8183343302,0,38.252,-65.4748
"2019-04-19 03:20:00",3,"Swiming",0,0,0,6.3670024772,0,38.2128,-65.507
"2019-04-19 03:20:00",3,"Swiming",0,0,0,6.3670024772,0,38.1831,-65.4812
"2019-04-19 03:20:00",3,"Swiming",0,0,0,6.4323529425,0,38.1739,-65.4963
"2019-04-19 03:20:00",3,"Swiming",0,0,0,6.376338258,0,38.1716,-65.4961
"2019-04-19 03:20:00",3,"Swiming",0,0,0,6.4323529425,0,38.1686,-65.4611
"2019-04-19 03:20:00",3,"Swiming",0,0,0,6.451024504,0,38.2003,-65.3856
"2019-04-19 03:20:00",3,"Swiming",0,0,0,6.2176299851,0,38.2232,-65.3697
"2019-04-19 03:20:00",3,"Swiming",0,0,0,2.5299965855,0,38.2375,-65.3637
"2019-04-19 03:20:00",3,"Swiming",0,0,0,3.8183343302,0,38.2604,-65.3985
"2019-04-19 03:20:00",3,"Swiming",0,0,0,4.5278536678,0,38.2761,-65.3779
"2019-04-19 03:20:00",3,"Swiming",0,0,0,3.5662682497,0,38.2598,-65.3559
"2019-04-19 03:20:00",3,"Swiming",0,0,0,4.8546059944,0,38.2771,-65.3781
"2019-04-19 03:20:00",3,"Swiming",0,0,0,3.1368223348,0,38.2601,-65.4577
"2019-04-19 03:20:00",4,"Resting",0,0,0,0.7281908991,0,38.27,-65.4431
"2019-04-19 03:20:00",4,"Resting",0,0,0,4.751912406,0,38.2777,-65.4349
"2019-04-19 03:20:00",4,"Resting",0,0,0,4.4905105448,0,38.3973,-65.5414
"2019-04-19 03:20:00",4,"Resting",0,0,0,4.518517887,0,38.4847,-65.5391
"2019-04-19 03:20:00",4,"Resting",0,0,0,4.7425766253,0,38.4841,-65.5548
"2019-04-19 03:20:00",4,"Resting",0,0,0,5.2373730054,0,38.5199,-65.552
"2019-04-19 03:20:00",4,"Resting",0,0,0,5.4427601821,0,38.5196,-65.5517
"2019-04-19 03:20:00",5,"Feeding",0,0,0,5.0786647326,0,38.5249,-65.5524
"2019-04-19 03:20:00",5,"Feeding",0,0,0,5.2373730054,0,38.5151,-65.5913
"2019-04-19 03:20:00",5,"Feeding",0,0,0,5.256044567,0,38.5204,-65.5382
"2019-04-19 03:20:00",5,"Feeding",0,0,0,5.3120592515,0,38.5094,-65.5026
"2019-04-19 03:20:00",5,"Feeding",0,0,0,4.3504738334,0,38.5053,-65.5066
"2019-04-19 03:20:00",5,"Feeding",0,0,0,5.4987748667,0,38.4981,-65.5417
"2019-04-19 03:20:00",5,"Feeding",0,0,0,5.0880005133,0,38.5039,-65.5364
"2019-04-19 03:20:00",5,"Feeding",0,0,0,5.4614317437,0,38.5063,-65.5371
"2019-04-19 03:20:00",5,"Feeding",0,0,0,4.7705839675,0,38.513,-65.5436
"2019-04-19 03:20:00",3,"Swiming",0,0,0,5.2467087862,0,38.43,-65.7101
"2019-04-19 03:20:00",3,"Swiming",0,0,0,5.9468923431,0,38.3756,-65.6762
"2019-04-19 03:20:00",3,"Swiming",0,0,0,3.7903269879,0,38.3653,-65.7069
"2019-04-19 03:20:00",3,"Swiming",0,0,0,1.2790019639,0,38.4625,-66.0369
"2019-04-19 03:20:00",3,"Swiming",0,0,0,1.0736147872,0,38.4618,-66.3029
"2019-04-19 03:20:00",3,"Swiming",0,0,0,1.9978570823,0,38.4833,-66.4351
"2019-04-19 03:20:00",3,"Swiming",0,0,0,2.1565653552,0,38.4865,-66.4343
"2019-04-19 03:20:00",3,"Swiming",0,0,0,1.932506617,0,38.4872,-66.4662
"2019-04-19 03:20:00",3,"Swiming",0,0,0,2.0258644245,0,38.4907,-66.5171
"2019-04-19 03:20:00",3,"Swiming",0,0,0,1.736455221,0,38.4878,-66.5191
"2019-04-19 03:20:00",3,"Swiming",0,0,0,1.7084478787,0,38.4885,-66.5331
"2019-04-19 03:20:00",3,"Swiming",0,0,0,2.240587382,0,38.4928,-66.5514
"2019-04-19 03:20:00",3,"Swiming",0,0,0,2.240587382,0,38.4961,-66.6033
"2019-04-19 03:20:00",3,"Swiming",0,0,0,1.9791855207,0,38.4846,-66.6178
"2019-04-19 03:20:00",3,"Swiming",0,0,0,2.2499231627,0,38.4814,-66.6183
"2019-04-19 03:20:00",3,"Swiming",0,0,0,1.8671561516,0,38.4835,-66.6232
"2019-04-19 03:20:00",3,"Swiming",0,0,0,1.9885213015,0,38.5079,-66.9742
"2019-04-19 03:20:00",3,"Swiming",0,0,0,3.1928370193,0,38.7601,-67.5087
"2019-04-19 03:20:00",2,"Breathing",0,0,0,3.2115085809,0,39.1971,-67.7108
"2019-04-19 03:20:00",2,"Breathing",0,0,0,1.7084478787,0,39.1994,-67.7117
"2019-04-19 03:20:00",2,"Breathing",0,0,0,3.5756040304,0,39.2032,-67.7198
"2019-04-19 03:20:00",2,"Breathing",0,0,0,3.5849398112,0,39.2742,-67.8107
"2019-04-19 03:20:00",2,"Breathing",0,0,0,3.0714718695,0,39.2985,-67.8013
"2019-04-19 03:20:00",3,"Swiming",0,0,0,1.96984974,0,39.2994,-67.7975
"2019-04-19 03:20:00",3,"Swiming",0,0,0,1.8391488094,0,39.3445,-67.8142
"2019-04-19 03:20:00",3,"Swiming",0,0,0,1.2323230601,0,39.3674,-67.8252
"2019-04-19 03:20:00",3,"Swiming",0,0,0,1.8391488094,0,39.389,-67.8396
"2019-04-19 03:20:00",3,"Swiming",0,0,0,1.5497396059,0,39.3962,-67.859
"2019-04-19 03:20:00",3,"Swiming",0,0,0,0.9802569796,0,39.4328,-67.8723
"2019-04-19 03:20:00",3,"Swiming",0,0,0,3.8836847955,0,39.6539,-67.9438
"2019-04-19 03:20:00",3,"Swiming",0,0,0,0.9989285411,0,40.258,-67.873
"2019-04-19 03:20:00",3,"Swiming",0,0,0,4.0890719722,0,40.3245,-67.9367
"2019-04-19 03:20:00",2,"Breathing",0,0,0,4.4531674217,0,40.3262,-67.9208
"2019-04-19 03:20:00",2,"Breathing",0,0,0,1.8391488094,0,40.3467,-67.9405
"2019-04-19 03:20:00",2,"Breathing",0,0,0,7.3099163338,0,40.3605,-67.9479
"2019-04-19 03:20:00",2,"Breathing",0,0,0,7.3846025799,0,40.3577,-67.945
"2019-04-19 03:20:00",2,"Breathing",0,0,0,7.1978869647,0,40.3594,-67.954
"2019-04-19 03:20:00",2,"Breathing",0,0,0,7.5153035105,0,40.3588,-67.953
"2019-04-19 03:20:00",3,"Swiming",0,0,0,7.5526466335,0,40.3649,-67.9543
"2019-04-19 03:20:00",3,"Swiming",0,0,0,7.8700631793,0,40.3821,-67.9711
"2019-04-19 03:20:00",3,"Swiming",0,0,0,7.8980705216,0,40.3856,-67.9658
"2019-04-19 03:20:00",3,"Swiming",0,0,0,7.9260778639,0,40.4054,-67.9807
"2019-04-19 03:20:00",3,"Swiming",0,0,0,7.7860411525,0,40.3753,-67.9733
"2019-04-19 03:20:00",2,"Breathing",0,0,0,7.9167420831,0,40.5108,-68.3045
"2019-04-19 03:20:00",2,"Breathing",0,0,0,7.9354136446,0,40.5283,-68.337
"2019-04-19 03:20:00",2,"Breathing",0,0,0,1.0922863487,0,40.5271,-68.4478
"2019-04-19 03:20:00",2,"Breathing",0,0,0,8.9343421858,0,40.5773,-68.4996
"2019-04-19 03:20:00",2,"Breathing",0,0,0,8.8969990628,0,40.5998,-68.5117
"2019-04-19 03:20:00",2,"Breathing",0,0,0,8.8223128167,0,40.6365,-68.5839
"2019-04-19 03:20:00",2,"Breathing",0,0,0,8.9530137473,0,40.6746,-68.6853
"2019-04-19 03:20:00",2,"Breathing",0,0,0,8.9156706243,0,40.6093,-68.7092
"2019-04-19 03:20:00",2,"Breathing",0,0,0,8.8596559397,0,40.6092,-68.7101
"2019-04-19 03:20:00",2,"Breathing",0,0,0,8.5422393939,0,40.5544,-69.0844
"2019-04-19 03:20:00",2,"Breathing",0,0,0,8.5142320517,0,40.5836,-69.0735
"2019-04-19 03:20:00",2,"Breathing",0,0,0,8.4208742441,0,40.6024,-69.1429
"2019-04-19 03:20:00",2,"Breathing",0,0,0,8.2061512866,0,40.6101,-69.1818
"2019-04-19 03:20:00",2,"Breathing",0,0,0,8.1127934791,0,40.6162,-69.1699
"2019-04-19 03:20:00",2,"Breathing",0,0,0,2.3339451896,0,40.616,-69.1706
"2019-04-19 03:20:00",2,"Breathing",0,0,0,7.4406172644,0,40.6237,-69.1899
"2019-04-19 03:20:00",5,"Feeding",0,0,0,7.3285878953,0,40.6217,-69.205
"2019-04-19 03:20:00",5,"Feeding",0,0,0,7.2165585262,0,40.6431,-69.2243
"2019-04-19 03:20:00",5,"Feeding",0,0,0,6.684419023,0,40.6498,-69.2215
"2019-04-19 03:20:00",5,"Feeding",0,0,0,6.5723896539,0,40.6545,-69.2331
"2019-04-19 03:20:00",5,"Feeding",0,0,0,6.105600616,0,40.6774,-69.2532
"2019-04-19 03:20:00",5,"Feeding",0,0,0,5.4147528399,0,40.6909,-69.2561
"2019-04-19 03:20:00",2,"Breathing",0,0,0,5.4427601821,0,40.7127,-69.2429
"2019-04-19 03:20:00",2,"Breathing",0,0,0,5.3680739361,0,40.6807,-69.271
"2019-04-19 03:20:00",2,"Breathing",0,0,0,5.2280372247,0,40.4925,-69.408
"2019-04-19 03:20:00",2,"Breathing",0,0,0,5.2467087862,0,40.4249,-69.8949
"2019-04-19 03:20:00",2,"Breathing",0,0,0,5.2187014439,0,40.42,-69.9523
"2019-04-19 03:20:00",2,"Breathing",0,0,0,5.1720225401,0,40.4213,-69.954
"2019-04-19 03:20:00",2,"Breathing",0,0,0,0.7095193376,0,40.4063,-69.9699
"2019-04-19 03:20:00",2,"Breathing",0,0,0,2.548668147,0,40.4001,-70.0016
"2019-04-19 03:20:00",2,"Breathing",0,0,0,1.7551267825,0,40.3933,-70.0361
"2019-04-19 03:20:00",2,"Breathing",0,0,0,1.8111414671,0,40.3901,-70.0339
"2019-04-19 03:20:00",2,"Breathing",0,0,0,2.6700332969,0,40.3906,-70.0358
"2019-04-19 03:20:00",2,"Breathing",0,0,0,2.4459745587,0,40.3804,-70.0378
"2019-04-19 03:20:00",2,"Breathing",0,0,0,1.9044992747,0,40.39,-70.0724
"2019-04-19 03:20:00",4,"Resting",0,0,0,2.2499231627,0,40.383,-70.1033
"2019-04-19 03:20:00",4,"Resting",0,0,0,2.2032442589,0,40.3791,-70.0961
"2019-04-19 03:20:00",4,"Resting",0,0,0,1.9511781785,0,40.3325,-70.296
"2019-04-19 03:20:00",4,"Resting",0,0,0,2.315273628,0,40.2849,-70.286
"2019-04-19 03:20:00",4,"Resting",0,0,0,2.4086314356,0,40.2739,-70.3571
"2019-04-19 03:20:00",2,"Breathing",0,0,0,3.0247929657,0,40.2704,-70.7434
"2019-04-19 03:20:00",2,"Breathing",0,0,0,2.3806240934,0,40.2685,-70.7465
"2019-04-19 03:20:00",2,"Breathing",0,0,0,1.9605139592,0,40.1863,-70.8245
"2019-04-19 03:20:00",2,"Breathing",0,0,0,2.007192863,0,40.1691,-70.8352
"2019-04-19 03:20:00",2,"Breathing",0,0,0,1.3350166484,0,40.2035,-70.7906
"2019-04-19 03:20:00",2,"Breathing",0,0,0,1.7831341248,0,40.1901,-70.8087
"2019-04-19 03:20:00",2,"Breathing",0,0,0,1.3070093061,0,40.1417,-70.8604
"2019-04-19 03:20:00",2,"Breathing",0,0,0,0.8028771452,0,40.1278,-70.9415
"2019-04-19 03:20:00",2,"Breathing",0,0,0,3.8743490147,0,40.003,-71.2968
"2019-04-19 03:20:00",1,"Gliding",0,0,0,3.3515452922,0,39.9919,-71.3166
"2019-04-19 03:20:00",1,"Gliding",0,0,0,3.6222829342,0,40.0057,-71.3433
"2019-04-19 03:20:00",1,"Gliding",0,0,0,2.0258644245,0,40.0023,-71.3674
"2019-04-19 03:20:00",1,"Gliding",0,0,0,2.1659011359,0,40.0055,-71.3659
"2019-04-19 03:20:00",1,"Gliding",0,0,0,8.7009476668,0,39.954,-71.5011
"2019-04-19 03:20:00",1,"Gliding",0,0,0,2.9127635966,0,39.9399,-71.5523
"2019-04-19 03:20:00",3,"Swiming",0,0,0,1.8578203709,0,39.9623,-71.5314
"2019-04-19 03:20:00",3,"Swiming",0,0,0,2.2872662858,0,39.958,-71.8057
"2019-04-19 03:20:00",3,"Swiming",0,0,0,1.5964185096,0,39.9637,-71.8813
"2019-04-19 03:20:00",3,"Swiming",0,0,0,1.8391488094,0,39.9746,-71.8987
"2019-04-19 03:20:00",3,"Swiming",0,0,0,1.736455221,0,39.9696,-71.9197
"2019-04-19 03:20:00",3,"Swiming",0,0,0,1.9978570823,0,39.9638,-71.941
"2019-04-19 03:20:00",2,"Breathing",0,0,0,2.1939084782,0,39.9371,-71.9797
"2019-04-19 03:20:00",2,"Breathing",0,0,0,2.4179672164,0,39.9694,-72.1005
"2019-04-19 03:20:00",2,"Breathing",0,0,0,2.2966020665,0,39.9593,-72.1032
"2019-04-19 03:20:00",2,"Breathing",0,0,0,2.0818791091,0,39.9728,-72.1537
"2019-04-19 03:20:00",2,"Breathing",0,0,0,1.96984974,0,39.9715,-72.1104
"2019-04-19 03:20:00",3,"Swiming",0,0,0,1.4097028945,0,39.972,-72.1097
"2019-04-19 03:20:00",3,"Swiming",0,0,0,1.6337616327,0,39.9878,-72.1189
"2019-04-19 03:20:00",3,"Swiming",0,0,0,3.0808076502,0,39.9988,-72.1082
"2019-04-19 03:20:00",3,"Swiming",0,0,0,3.127486554,0,40.0074,-72.1248
"2019-04-19 03:20:00",3,"Swiming",0,0,0,3.1461581156,0,40.0709,-72.2491
"2019-04-19 03:20:00",2,"Breathing",0,0,0,1.4097028945,0,40.0968,-72.2963
"2019-04-19 03:20:00",2,"Breathing",0,0,0,3.1088149925,0,40.0689,-72.3702
"2019-04-19 03:20:00",2,"Breathing",0,0,0,3.1928370193,0,40.0826,-72.4369
"2019-04-19 03:20:00",2,"Breathing",0,0,0,3.1088149925,0,40.092,-72.4222
"2019-04-19 03:20:00",2,"Breathing",0,0,0,1.6711047557,0,40.088,-72.43
"2019-04-19 03:20:00",2,"Breathing",0,0,0,2.3619525318,0,40.0945,-72.4707
